State,Year,Season,Avg_Max_Demand_MW,Sum_Energy_Met_MU,Avg_Temp,Avg_Humidity,Total_Rainfall
Andhra Pradesh,2023,Monsoon,10772.852459016394,27169.73,30.808469945355192,69.67213114754098,676.5
Andhra Pradesh,2023,Post-Monsoon,11273.360655737704,13575.87,28.103551912568307,74.42622950819673,179.13333333333333
Andhra Pradesh,2023,Summer,11234.672131147541,13920.39,31.46120218579235,68.0,176.73333333333335
Andhra Pradesh,2023,Winter,9445.451612903225,5756.1,24.371505376344086,79.7741935483871,196.26666666666668
Andhra Pradesh,2024,Monsoon,10117.696721311475,25979.54,29.391393442622952,76.59562841530054,1125.8666666666668
Andhra Pradesh,2024,Post-Monsoon,9975.196721311475,12548.14,27.421857923497267,76.61748633879782,245.26666666666665
Andhra Pradesh,2024,Summer,12286.362637362638,21504.94,31.32472527472527,69.27838827838828,197.56666666666666
Andhra Pradesh,2024,Winter,11134.516853932584,18635.46,25.65543071161049,77.19850187265918,152.53333333333333
Andhra Pradesh,2025,Monsoon,10434.172131147541,26933.45,29.964480874316937,71.42622950819673,650.6
Andhra Pradesh,2025,Post-Monsoon,10236.666666666666,1300.45,28.855555555555554,76.6111111111111,43.0
Andhra Pradesh,2025,Summer,11647.076086956522,21324.66,30.527173913043477,70.40579710144927,174.4
Andhra Pradesh,2025,Winter,11721.57627118644,12937.4,25.718361581920902,73.45197740112995,5.533333333333332
Arunachal Pradesh,2023,Monsoon,158.4344262295082,344.78,27.526844262295082,82.86065573770492,1904.4
Arunachal Pradesh,2023,Post-Monsoon,154.9016393442623,163.03,22.97909836065574,72.36065573770492,299.35
Arunachal Pradesh,2023,Summer,153.34426229508196,149.88,23.393852459016394,77.25409836065573,692.95
Arunachal Pradesh,2023,Winter,163.7741935483871,87.45,18.94112903225807,63.58064516129032,9.85
Arunachal Pradesh,2024,Monsoon,162.75409836065575,358.62,27.86700819672131,82.75409836065573,1812.0
Arunachal Pradesh,2024,Post-Monsoon,148.72131147540983,162.08,22.60327868852459,75.58196721311475,298.85
Arunachal Pradesh,2024,Summer,160.52747252747253,247.66,23.193956043956046,74.41208791208791,742.0
Arunachal Pradesh,2024,Winter,169.8876404494382,259.48,16.97359550561798,66.30898876404494,139.95
Arunachal Pradesh,2025,Monsoon,199.98360655737704,448.59,27.977459016393443,81.67622950819673,917.1
Arunachal Pradesh,2025,Post-Monsoon,176.16666666666666,18.29,25.49166666666667,89.0,123.15
Arunachal Pradesh,2025,Summer,170.84782608695653,279.53,23.19103260869565,75.44021739130434,935.2
Arunachal Pradesh,2025,Winter,182.96610169491527,188.71,17.58940677966102,68.16949152542372,168.0
Assam,2023,Monsoon,2148.6393442622953,5097.5,28.541393442622947,86.00546448087431,2261.4
Assam,2023,Post-Monsoon,1796.688524590164,1935.15,24.1224043715847,82.07103825136612,301.2
Assam,2023,Summer,1781.8524590163934,1950.1,25.10081967213115,78.32240437158471,508.26666666666665
Assam,2023,Winter,1498.2903225806451,813.09,19.256451612903227,81.6021505376344,22.166666666666668
Assam,2024,Monsoon,2286.1639344262294,5370.21,28.646311475409835,86.2568306010929,2042.7333333333333
Assam,2024,Post-Monsoon,1805.8852459016393,1961.56,23.771038251366118,84.24043715846994,279.46666666666664
Assam,2024,Summer,1782.3296703296703,2959.06,24.519780219780216,77.34065934065934,710.3666666666667
Assam,2024,Winter,1511.426966292135,2393.37,17.75992509363296,79.75280898876404,154.83333333333334
Assam,2025,Monsoon,2432.1393442622953,5746.26,28.75846994535519,85.43715846994536,1503.5
Assam,2025,Post-Monsoon,2012.1666666666667,225.07,26.819444444444443,90.05555555555556,88.33333333333333
Assam,2025,Summer,1825.5760869565217,3043.09,24.45018115942029,79.01449275362319,1045.4
Assam,2025,Winter,1536.2711864406779,1638.59,18.52909604519774,78.86440677966101,147.03333333333333
Bihar,2023,Monsoon,6699.598360655737,16697.383,30.693032786885244,73.26502732240438,953.6666666666666
Bihar,2023,Post-Monsoon,5161.098360655737,6140.34,24.591530054644807,72.82513661202185,124.26666666666667
Bihar,2023,Summer,6026.229508196721,7187.17,30.54153005464481,42.01639344262295,42.93333333333334
Bihar,2023,Winter,4440.096774193548,2588.7799999999997,18.681720430107525,72.6236559139785,11.733333333333334
Bihar,2024,Monsoon,7118.508196721312,17687.09,30.397950819672133,77.12021857923497,1035.0333333333333
Bihar,2024,Post-Monsoon,5694.245901639344,6800.454,24.891530054644807,76.1639344262295,33.8
Bihar,2024,Summer,5973.307692307692,10817.82,29.44377289377289,44.15384615384615,54.96666666666666
Bihar,2024,Winter,4908.258426966292,8148.778,17.2063670411985,74.70037453183521,24.933333333333334
Bihar,2025,Monsoon,7794.704918032787,19234.294,29.75846994535519,79.3879781420765,884.9333333333333
Bihar,2025,Post-Monsoon,6065.666666666667,691.6,27.230555555555554,86.0,99.36666666666666
Bihar,2025,Summer,6279.228260869565,11394.942000000001,28.70942028985507,50.81159420289855,89.66666666666667
Bihar,2025,Winter,5308.745762711865,5910.7699999999995,17.92005649717514,74.33333333333334,0.4666666666666665
Chandigarh,2023,Monsoon,323.3114754098361,785.66,28.712295081967213,73.62295081967213,586.8
Chandigarh,2023,Post-Monsoon,203.54098360655738,228.24,21.99098360655738,61.16393442622951,28.4
Chandigarh,2023,Summer,227.47540983606558,271.21999999999997,26.26065573770492,42.377049180327866,98.1
Chandigarh,2023,Winter,227.4516129032258,117.47,15.22741935483871,65.03225806451613,0.0
Chandigarh,2024,Monsoon,362.2295081967213,879.12,30.127868852459017,66.34426229508196,388.2
Chandigarh,2024,Post-Monsoon,221.72131147540983,253.94,23.47295081967213,58.21311475409836,0.1
Chandigarh,2024,Summer,255.27472527472528,440.58,26.03956043956044,38.16483516483517,89.4
Chandigarh,2024,Winter,263.7303370786517,392.67,13.67134831460674,67.75280898876404,71.9
Chandigarh,2025,Monsoon,327.7950819672131,803.66,28.840573770491805,74.67213114754098,689.8
Chandigarh,2025,Post-Monsoon,276.1666666666667,33.37,26.691666666666666,68.5,28.0
Chandigarh,2025,Summer,257.55434782608694,450.24,26.55217391304348,41.02173913043478,71.9
Chandigarh,2025,Winter,255.96610169491527,245.49,15.658474576271187,63.57627118644068,54.4
Chhattisgarh,2023,Monsoon,4858.88524590164,13315.88,28.859631147540984,74.70491803278688,1534.0
Chhattisgarh,2023,Post-Monsoon,4607.098360655737,6107.8,24.866803278688526,67.68032786885246,36.45
Chhattisgarh,2023,Summer,4992.081967213115,6857.29,30.393032786885243,45.959016393442624,50.6
Chhattisgarh,2023,Winter,4378.4,2692.41,20.09,74.16666666666667,37.300000000000004
Chhattisgarh,2024,Monsoon,5092.5901639344265,13918.65,28.254303278688525,80.23770491803279,1683.45
Chhattisgarh,2024,Post-Monsoon,4929.524590163935,6563.9800000000005,25.211885245901637,69.60655737704919,30.0
Chhattisgarh,2024,Summer,5651.824175824176,11477.76,30.42554945054945,45.824175824175825,124.55
Chhattisgarh,2024,Winter,5116.76404494382,9485.84,22.14578651685393,66.87078651685393,63.8
Chhattisgarh,2025,Monsoon,5363.418032786885,14534.35,27.943032786885247,79.80737704918033,1200.75
Chhattisgarh,2025,Post-Monsoon,4768.666666666667,629.1,26.47083333333333,88.91666666666667,86.45
Chhattisgarh,2025,Summer,5952.826086956522,12283.04,30.542663043478264,43.04891304347826,78.85
Chhattisgarh,2025,Winter,5715.338983050848,7211.8,23.241949152542375,50.03389830508475,0.0
Dadra And Nagar Haveli And Daman And Diu,2023,Monsoon,1271.6475409836066,3569.31308,27.85655737704918,83.69672131147541,1432.2
Dadra And Nagar Haveli And Daman And Diu,2023,Post-Monsoon,1225.360655737705,1698.1,27.805737704918034,63.40983606557377,29.3
Dadra And Nagar Haveli And Daman And Diu,2023,Summer,1232.7540983606557,1725.66614,29.65081967213115,67.29508196721312,6.6
Dadra And Nagar Haveli And Daman And Diu,2023,Winter,1240.5483870967741,881.14114,25.10645161290323,66.3225806451613,1.8
Dadra And Nagar Haveli And Daman And Diu,2024,Monsoon,1295.8032786885246,3626.75786,27.710245901639347,85.27868852459017,1710.0
Dadra And Nagar Haveli And Daman And Diu,2024,Post-Monsoon,1286.5245901639344,1807.31964,27.111475409836064,70.0,171.6
Dadra And Nagar Haveli And Daman And Diu,2024,Summer,1258.2087912087911,2621.93858,29.30879120879121,60.879120879120876,5.8
Dadra And Nagar Haveli And Daman And Diu,2024,Winter,1271.0674157303372,2590.57184,23.92808988764045,60.146067415730336,0.4
Dadra And Nagar Haveli And Daman And Diu,2025,Monsoon,1348.0,3781.23728,27.224999999999998,86.19672131147541,1618.5
Dadra And Nagar Haveli And Daman And Diu,2025,Post-Monsoon,1288.8333333333333,172.0,26.900000000000002,84.16666666666667,9.9
Dadra And Nagar Haveli And Daman And Diu,2025,Summer,1319.1521739130435,2777.00934,29.40978260869565,61.23913043478261,69.1
Dadra And Nagar Haveli And Daman And Diu,2025,Winter,1314.5593220338983,1769.5682,24.87627118644068,53.86440677966102,0.1
Delhi,2023,Monsoon,6176.893442622951,15364.58,30.390983606557377,71.29508196721312,650.2
Delhi,2023,Post-Monsoon,4093.4590163934427,4919.35,23.19672131147541,65.91803278688525,15.6
Delhi,2023,Summer,4497.934426229508,5624.43,28.485245901639345,43.49180327868852,46.5
Delhi,2023,Winter,4119.709677419355,2211.38,15.966129032258063,76.2258064516129,2.5999999999999996
Delhi,2024,Monsoon,6564.368852459016,16440.27,30.53155737704918,71.55737704918033,922.9
Delhi,2024,Post-Monsoon,4452.147540983607,5492.61,24.938524590163933,61.08196721311475,0.0
Delhi,2024,Summer,4998.142857142857,9091.93,28.473076923076924,35.43956043956044,19.5
Delhi,2024,Winter,4706.123595505618,7096.91,14.5938202247191,72.1685393258427,83.89999999999999
Delhi,2025,Monsoon,6516.508196721312,16320.82,30.448360655737705,71.32786885245902,602.4
Delhi,2025,Post-Monsoon,5627.5,693.97,28.691666666666666,71.0,23.299999999999997
Delhi,2025,Summer,5004.902173913043,9266.49,29.363586956521736,38.91304347826087,62.6
Delhi,2025,Winter,4622.338983050848,4625.66,16.77542372881356,70.0677966101695,38.3
Goa,2023,Monsoon,645.3032786885246,1630.6127236,26.553073770491803,87.95491803278688,2179.15
Goa,2023,Post-Monsoon,684.9344262295082,847.6,28.043852459016392,78.78688524590164,223.6
Goa,2023,Summer,722.4590163934427,922.1014888,30.595901639344266,68.17213114754098,46.5
Goa,2023,Winter,669.2903225806451,414.12564,28.226612903225806,61.596774193548384,0.4
Goa,2024,Monsoon,650.0409836065573,1676.3425084,25.986680327868854,90.73770491803279,3163.35
Goa,2024,Post-Monsoon,691.0,887.4274436,27.11229508196721,78.59016393442623,364.7
Goa,2024,Summer,738.3296703296703,1415.9738188000001,30.21648351648352,69.35714285714286,114.25
Goa,2024,Winter,682.7415730337078,1192.706654,26.882303370786516,69.98314606741573,41.15
Goa,2025,Monsoon,600.3770491803278,1746.60429,25.396106557377053,93.36065573770492,2978.75
Goa,2025,Post-Monsoon,682.3333333333334,85.8,26.295833333333334,89.5,56.95
Goa,2025,Summer,772.1413043478261,1517.1393352,29.604891304347827,73.05434782608695,569.3
Goa,2025,Winter,715.8305084745763,868.0796652,27.496610169491525,62.17796610169491,1.85
Gujarat,2023,Monsoon,18403.72950819672,48333.349,29.267896174863388,78.17486338797815,978.2666666666667
Gujarat,2023,Post-Monsoon,19693.688524590165,24196.1,27.513387978142074,54.62841530054645,63.06666666666666
Gujarat,2023,Summer,19868.032786885247,26315.893,32.20846994535519,46.530054644808736,12.799999999999999
Gujarat,2023,Winter,19910.548387096773,11949.083,23.675268817204298,63.95698924731183,7.0
Gujarat,2024,Monsoon,19387.06557377049,50658.979,29.198907103825135,80.10655737704919,1518.4
Gujarat,2024,Post-Monsoon,19700.016393442624,24993.898,27.331147540983608,62.284153005464475,116.93333333333334
Gujarat,2024,Summer,21909.0989010989,41453.989,31.86263736263736,39.05494505494506,4.666666666666666
Gujarat,2024,Winter,20688.03370786517,35991.606,23.470599250936328,50.59550561797753,1.9666666666666666
Gujarat,2025,Monsoon,20040.95901639344,53014.576,28.827732240437157,79.86612021857923,1015.5666666666666
Gujarat,2025,Post-Monsoon,18899.666666666668,2427.7000000000003,27.71666666666667,80.27777777777779,8.6
Gujarat,2025,Summer,23010.369565217392,43005.744,31.967934782608694,42.42028985507246,37.63333333333333
Gujarat,2025,Winter,22601.86440677966,25112.685,24.841807909604515,43.05084745762712,0.1666666666666666
Haryana,2023,Monsoon,10632.926229508197,27242.47,30.751229508196722,67.70081967213115,437.7
Haryana,2023,Post-Monsoon,7474.360655737705,9296.84,22.865573770491803,66.06557377049181,23.1
Haryana,2023,Summer,7454.5901639344265,9184.76,28.181967213114756,41.967213114754095,64.85
Haryana,2023,Winter,7563.096774193548,4446.48,15.450806451612904,76.80645161290323,0.65
Haryana,2024,Monsoon,11549.672131147541,29808.56,30.80655737704918,69.11065573770492,717.4
Haryana,2024,Post-Monsoon,8377.83606557377,10505.2,24.381967213114752,62.614754098360656,0.2
Haryana,2024,Summer,8378.164835164835,15539.87,27.60357142857143,37.15934065934066,28.95
Haryana,2024,Winter,8203.280898876405,13600.37,13.954494382022473,74.08426966292134,52.75
Haryana,2025,Monsoon,11404.926229508197,29262.88,30.49467213114754,69.64344262295081,510.55
Haryana,2025,Post-Monsoon,10052.333333333334,1290.37,28.041666666666668,71.0,22.45
Haryana,2025,Summer,8649.652173913044,15972.43,28.808695652173913,39.27717391304348,45.55
Haryana,2025,Winter,8145.423728813559,9122.19,15.80084745762712,74.54237288135593,40.75
Himachal Pradesh,2023,Monsoon,1599.2295081967213,4032.17,18.730532786885245,80.38524590163935,1099.95
Himachal Pradesh,2023,Post-Monsoon,1772.8852459016393,1977.88,11.125409836065574,57.704918032786885,217.95000000000002
Himachal Pradesh,2023,Summer,1518.8852459016393,1785.01,12.35860655737705,55.959016393442624,538.95
Himachal Pradesh,2023,Winter,2038.258064516129,1125.19,7.180645161290323,42.16129032258065,88.35
Himachal Pradesh,2024,Monsoon,1751.532786885246,4476.77,19.97213114754098,76.81147540983606,1007.75
Himachal Pradesh,2024,Post-Monsoon,1827.4754098360656,2084.58,12.365983606557378,59.92622950819672,341.84999999999997
Himachal Pradesh,2024,Summer,1686.4285714285713,2924.4,12.49642857142857,49.72527472527472,699.15
Himachal Pradesh,2024,Winter,2057.7078651685392,3281.66,4.350842696629214,51.662921348314605,666.0
Himachal Pradesh,2025,Monsoon,1733.188524590164,4435.35,18.805122950819673,82.78688524590164,1268.5
Himachal Pradesh,2025,Post-Monsoon,1673.3333333333333,199.75,14.283333333333333,75.0,81.85
Himachal Pradesh,2025,Summer,1751.1847826086957,3146.57,12.44836956521739,56.20108695652174,637.6
Himachal Pradesh,2025,Winter,2093.2542372881358,2228.6,5.090254237288136,54.559322033898304,591.05
Jammu And Kashmir,2023,Monsoon,2459.909836065574,6192.07,8.306352459016393,71.89344262295081,264.55
Jammu And Kashmir,2023,Post-Monsoon,2433.44262295082,3067.79,-2.4614754098360656,65.34426229508196,63.75
Jammu And Kashmir,2023,Summer,2714.1967213114754,3336.2,-2.8143442622950823,75.79508196721312,290.15
Jammu And Kashmir,2023,Winter,2785.0,1808.85,-9.375806451612902,60.03225806451613,24.2
Jammu And Kashmir,2024,Monsoon,2596.3934426229507,6392.93,9.46577868852459,67.15163934426229,227.7
Jammu And Kashmir,2024,Post-Monsoon,2614.9836065573772,3183.95,-0.9659836065573769,59.467213114754095,83.85
Jammu And Kashmir,2024,Summer,2594.747252747253,4804.12,-3.3131868131868134,72.11538461538461,433.55
Jammu And Kashmir,2024,Winter,2953.483146067416,5490.9,-12.8188202247191,65.11797752808988,274.65
Jammu And Kashmir,2025,Monsoon,2557.94262295082,6286.35,9.846516393442624,72.15983606557377,346.6
Jammu And Kashmir,2025,Post-Monsoon,2550.0,295.45,2.6083333333333334,73.25,24.0
Jammu And Kashmir,2025,Summer,2731.663043478261,5040.13,-2.226630434782609,70.8913043478261,266.95
Jammu And Kashmir,2025,Winter,3028.0169491525426,3803.75,-13.36906779661017,73.23728813559322,315.55
Jharkhand,2023,Monsoon,1709.6639344262296,4463.839,28.526434426229507,77.70491803278688,885.9
Jharkhand,2023,Post-Monsoon,1570.4426229508197,1889.32,23.81434426229508,70.88524590163935,84.64999999999999
Jharkhand,2023,Summer,1627.8032786885246,2039.27,29.729918032786887,43.99180327868852,44.75
Jharkhand,2023,Winter,1653.774193548387,922.87,18.345161290322583,73.33870967741936,52.15
Jharkhand,2024,Monsoon,2097.3524590163934,5256.22,28.30081967213115,81.37295081967213,1317.45
Jharkhand,2024,Post-Monsoon,2014.8196721311476,2415.998,24.09795081967213,74.27049180327869,130.15
Jharkhand,2024,Summer,1929.3956043956043,3653.91,28.881318681318678,47.68681318681319,100.55
Jharkhand,2024,Winter,1752.1573033707866,2949.2963,19.2811797752809,65.4438202247191,55.9
Jharkhand,2025,Monsoon,2112.155737704918,5324.972,27.414549180327867,84.81967213114754,1369.75
Jharkhand,2025,Post-Monsoon,1951.1666666666667,238.93,26.120833333333334,89.0,43.5
Jharkhand,2025,Summer,2046.3695652173913,3877.475,28.76086956521739,51.119565217391305,156.6
Jharkhand,2025,Winter,2054.35593220339,2285.351,20.85084745762712,53.347457627118644,16.35
Karnataka,2023,Monsoon,12696.991803278688,28715.35,24.883333333333333,78.51912568306011,444.56666666666666
Karnataka,2023,Post-Monsoon,13751.737704918032,15241.49,24.90081967213115,68.29508196721312,133.8
Karnataka,2023,Summer,13696.344262295082,16168.61,27.506284153005463,58.338797814207645,110.06666666666666
Karnataka,2023,Winter,13952.709677419354,7892.19,23.42795698924731,67.31182795698925,9.6
Karnataka,2024,Monsoon,11630.188524590163,26421.77,24.2172131147541,83.20491803278688,746.8666666666667
Karnataka,2024,Post-Monsoon,11647.901639344262,13453.42,23.459289617486338,77.43169398907104,247.86666666666667
Karnataka,2024,Summer,15035.527472527472,27100.43,28.94377289377289,50.54945054945055,127.56666666666666
Karnataka,2024,Winter,14644.808988764045,24051.4,24.011048689138576,61.056179775280896,67.66666666666667
Karnataka,2025,Monsoon,12198.524590163934,28076.59,23.84658469945355,82.56557377049181,733.6333333333333
Karnataka,2025,Post-Monsoon,12066.166666666666,1338.78,23.916666666666668,80.6111111111111,23.933333333333334
Karnataka,2025,Summer,14800.597826086956,26712.82,27.2536231884058,58.746376811594196,209.33333333333334
Karnataka,2025,Winter,16824.525423728814,17746.22,23.8090395480226,52.056497175141246,3.333333333333333
Kerala,2023,Monsoon,3901.4590163934427,9686.37,26.395081967213113,88.16939890710383,1507.8
Kerala,2023,Post-Monsoon,3966.934426229508,4882.47,26.554098360655736,87.95628415300546,683.1
Kerala,2023,Summer,4467.934426229508,5586.89,28.221311475409838,82.32240437158471,373.7
Kerala,2023,Winter,4088.3225806451615,2546.53,27.008602150537634,82.0752688172043,178.76666666666668
Kerala,2024,Monsoon,3967.1065573770493,9756.74,26.161202185792348,89.17486338797815,1623.8333333333333
Kerala,2024,Post-Monsoon,4192.524590163935,5076.95,26.482513661202187,87.18032786885246,533.6333333333333
Kerala,2024,Summer,4953.318681318681,9010.75,28.845787545787545,80.47252747252747,1069.6666666666667
Kerala,2024,Winter,4228.955056179775,7499.8,27.490636704119847,77.8689138576779,280.93333333333334
Kerala,2025,Monsoon,4032.844262295082,9740.16,25.897540983606557,89.03551912568307,1487.3333333333333
Kerala,2025,Post-Monsoon,4314.333333333333,507.88,27.016666666666666,85.8888888888889,13.9
Kerala,2025,Summer,4734.326086956522,8634.58,27.853079710144925,83.31521739130434,939.2333333333333
Kerala,2025,Winter,4416.067796610169,5121.05,27.71129943502825,71.34463276836158,40.13333333333333
Madhya Pradesh,2023,Monsoon,11332.860655737704,29918.81,28.06188524590164,75.08743169398906,937.8666666666667
Madhya Pradesh,2023,Post-Monsoon,14618.311475409837,18298.9,24.17349726775956,56.01639344262295,33.06666666666666
Madhya Pradesh,2023,Summer,11370.27868852459,14950.09,29.61639344262295,38.5191256830601,43.0
Madhya Pradesh,2023,Winter,15149.709677419354,8772.53,18.719354838709677,72.31182795698925,11.4
Madhya Pradesh,2024,Monsoon,11492.180327868853,30106.24,28.07226775956284,78.05191256830602,1094.8666666666666
Madhya Pradesh,2024,Post-Monsoon,14235.88524590164,17435.39,24.295628415300545,62.060109289617486,14.866666666666667
Madhya Pradesh,2024,Summer,12806.527472527472,24551.72,29.77106227106227,33.92307692307692,16.5
Madhya Pradesh,2024,Winter,16541.887640449437,27645.21,18.780524344569287,64.28838951310861,52.43333333333333
Madhya Pradesh,2025,Monsoon,11585.016393442624,30383.24,27.558879781420764,78.47267759562841,968.7333333333333
Madhya Pradesh,2025,Post-Monsoon,11378.333333333334,1457.7,26.394444444444446,80.0,14.799999999999999
Madhya Pradesh,2025,Summer,13710.945652173914,26398.97,30.167391304347827,33.108695652173914,26.2
Madhya Pradesh,2025,Winter,17550.338983050846,19754.57,20.25593220338983,55.24858757062147,1.1666666666666665
Maharashtra,2023,Monsoon,24385.89344262295,65169.809,27.511885245901638,79.39344262295081,1282.0
Maharashtra,2023,Post-Monsoon,26448.819672131147,34706.3,26.39016393442623,62.939890710382514,34.666666666666664
Maharashtra,2023,Summer,26359.06557377049,34118.587,29.93825136612022,55.60109289617486,66.93333333333332
Maharashtra,2023,Winter,25430.322580645163,16296.677,23.70806451612903,62.88172043010753,2.8999999999999995
Maharashtra,2024,Monsoon,23544.45901639344,63206.232,27.066666666666666,83.32240437158471,1707.7666666666667
Maharashtra,2024,Post-Monsoon,25413.77049180328,33578.625,26.05,67.4207650273224,104.89999999999999
Maharashtra,2024,Summer,27251.021978021978,55540.101,30.27417582417582,48.1025641025641,44.766666666666666
Maharashtra,2024,Winter,27566.876404494382,51074.074,24.20355805243446,55.89887640449438,17.0
Maharashtra,2025,Monsoon,24404.344262295082,64686.566,26.654098360655734,82.92349726775956,1481.8666666666668
Maharashtra,2025,Post-Monsoon,23472.333333333332,2924.2,26.352777777777778,83.44444444444444,22.533333333333335
Maharashtra,2025,Summer,27979.706521739132,57986.99,30.47427536231884,48.7463768115942,162.29999999999998
Maharashtra,2025,Winter,28862.5593220339,35991.974,25.910734463276835,44.282485875706215,0.1666666666666666
Manipur,2023,Monsoon,181.40983606557376,312.86,25.48934426229508,82.45901639344262,728.9
Manipur,2023,Post-Monsoon,194.63934426229508,161.99,20.474590163934426,76.67213114754098,132.2
Manipur,2023,Summer,181.9016393442623,153.74,24.187704918032786,60.52459016393443,84.9
Manipur,2023,Winter,215.2258064516129,93.74,15.648387096774194,77.87096774193549,57.4
Manipur,2024,Monsoon,198.10655737704917,339.35,25.160655737704918,85.30327868852459,1163.5
Manipur,2024,Post-Monsoon,213.0327868852459,162.71,20.827868852459016,79.63934426229508,169.1
Manipur,2024,Summer,198.2967032967033,261.96,22.7478021978022,67.42857142857143,249.0
Manipur,2024,Winter,226.2134831460674,286.53,14.935393258426966,68.06741573033707,39.5
Manipur,2025,Monsoon,215.90983606557376,376.36,25.15573770491803,84.35245901639344,884.9
Manipur,2025,Post-Monsoon,223.33333333333334,17.92,24.725000000000005,83.0,25.8
Manipur,2025,Summer,204.40217391304347,265.35,23.069021739130434,68.3804347826087,299.3
Manipur,2025,Winter,234.35593220338984,203.42,16.683050847457626,62.152542372881356,19.6
Meghalaya,2023,Monsoon,313.23770491803276,637.74,20.387295081967213,91.57377049180327,1153.7
Meghalaya,2023,Post-Monsoon,327.2295081967213,363.19,15.957377049180327,84.14754098360656,270.4
Meghalaya,2023,Summer,312.0655737704918,311.07,17.725409836065573,78.1639344262295,181.2
Meghalaya,2023,Winter,344.741935483871,199.16,11.850000000000001,80.7741935483871,29.6
Meghalaya,2024,Monsoon,304.5,658.42,20.677868852459014,91.77868852459017,1355.4
Meghalaya,2024,Post-Monsoon,329.1475409836066,344.65,15.994262295081967,85.42622950819673,232.1
Meghalaya,2024,Summer,325.38461538461536,508.22,17.176923076923075,78.31868131868131,351.2
Meghalaya,2024,Winter,355.3370786516854,576.59,10.146067415730338,76.88764044943821,44.3
Meghalaya,2025,Monsoon,328.9016393442623,690.04,20.67090163934426,91.14754098360656,890.0
Meghalaya,2025,Post-Monsoon,293.8333333333333,31.009999999999998,18.925,92.16666666666667,25.3
Meghalaya,2025,Summer,327.0326086956522,508.99,17.40108695652174,80.1086956521739,530.8
Meghalaya,2025,Winter,353.1525423728813,363.19,11.497457627118644,76.84745762711864,13.9
Mizoram,2023,Monsoon,112.62295081967213,220.88,25.89467213114754,89.29508196721312,1320.3
Mizoram,2023,Post-Monsoon,125.34426229508196,112.57,22.31065573770492,83.19672131147541,277.6
Mizoram,2023,Summer,114.0327868852459,110.61,25.596721311475413,64.70491803278688,195.8
Mizoram,2023,Winter,133.4516129032258,61.93,18.440322580645162,82.45161290322581,75.5
Mizoram,2024,Monsoon,115.81967213114754,235.51999999999998,25.697540983606558,91.18032786885246,1536.4
Mizoram,2024,Post-Monsoon,125.68852459016394,117.21,22.77786885245902,83.85245901639344,173.9
Mizoram,2024,Summer,118.52747252747253,172.55,24.537362637362637,69.63736263736264,315.2
Mizoram,2024,Winter,142.2134831460674,196.52,17.422471910112357,71.58426966292134,37.4
Mizoram,2025,Monsoon,125.74590163934427,252.32,25.694262295081966,90.5,1307.8
Mizoram,2025,Post-Monsoon,129.16666666666666,11.68,24.900000000000002,89.66666666666667,39.8
Mizoram,2025,Summer,126.16304347826087,186.29,24.32934782608696,72.32608695652173,386.1
Mizoram,2025,Winter,146.3728813559322,131.42,18.023728813559323,68.0677966101695,9.3
Nagaland,2023,Monsoon,159.61475409836066,344.32,22.45983606557377,84.3688524590164,1373.4
Nagaland,2023,Post-Monsoon,148.81967213114754,150.16,17.904098360655738,79.91803278688525,219.2
Nagaland,2023,Summer,138.0,139.5,20.158196721311477,67.75409836065573,192.3
Nagaland,2023,Winter,150.0,74.22,13.708064516129031,77.41935483870968,56.5
Nagaland,2024,Monsoon,167.35245901639345,364.67,22.589344262295082,85.61475409836065,1685.2
Nagaland,2024,Post-Monsoon,160.75409836065575,153.68,17.68360655737705,81.62295081967213,243.20000000000002
Nagaland,2024,Summer,148.07692307692307,215.23,19.430769230769233,68.3076923076923,436.3
Nagaland,2024,Winter,152.52808988764045,212.89,12.224157303370786,73.26966292134831,72.6
Nagaland,2025,Monsoon,174.75409836065575,376.07,22.051639344262295,88.34426229508196,1291.4
Nagaland,2025,Post-Monsoon,164.66666666666666,17.37,20.683333333333334,87.83333333333333,26.200000000000003
Nagaland,2025,Summer,154.93478260869566,237.52,19.22554347826087,71.94565217391305,515.0
Nagaland,2025,Winter,158.27118644067798,143.7,13.369491525423728,70.30508474576271,31.599999999999998
Odisha,2023,Monsoon,5889.729508196721,14665.414,29.47827868852459,80.09426229508196,1383.15
Odisha,2023,Post-Monsoon,4991.081967213115,6545.68,26.20409836065574,72.68032786885246,143.85
Odisha,2023,Summer,6151.704918032787,7422.48,31.347540983606557,56.22950819672131,78.35
Odisha,2023,Winter,4682.677419354839,2960.69,21.01451612903226,74.04838709677419,38.65
Odisha,2024,Monsoon,5804.7786885245905,14731.34,29.11926229508197,82.49180327868852,1473.1000000000001
Odisha,2024,Post-Monsoon,5557.262295081967,6906.94,25.95122950819672,75.84426229508196,155.3
Odisha,2024,Summer,6076.153846153846,11658.7,30.61181318681319,60.15934065934066,122.35
Odisha,2024,Winter,4810.101123595506,8646.3772,22.697752808988767,71.38202247191012,92.4
Odisha,2025,Monsoon,6217.926229508197,15794.922,28.462909836065574,84.56557377049181,1456.65
Odisha,2025,Post-Monsoon,5962.833333333333,698.85,27.45,89.25,81.0
Odisha,2025,Summer,5942.597826086957,11224.172,30.188315217391306,61.46739130434783,181.65
Odisha,2025,Winter,5209.8983050847455,6088.243,23.196186440677966,67.7457627118644,2.45
Other,2023,Monsoon,5616.0,14522.71967004,0.0,0.0,0.0
Other,2023,Post-Monsoon,5616.0,7261.35983502,0.0,0.0,0.0
Other,2023,Summer,5616.0,7261.35983502,0.0,0.0,0.0
Other,2023,Winter,5616.0,3690.19926042,0.0,0.0,0.0
Other,2024,Monsoon,5616.0,14522.71967004,0.0,0.0,0.0
Other,2024,Post-Monsoon,5616.0,7261.35983502,0.0,0.0,0.0
Other,2024,Summer,5616.0,10832.52040962,0.0,0.0,0.0
Other,2024,Winter,5616.0,10594.44303798,0.0,0.0,0.0
Other,2025,Monsoon,236.0,683.1999999999999,0.0,0.0,0.0
Other,2025,Post-Monsoon,236.0,33.599999999999994,0.0,0.0,0.0
Other,2025,Summer,528.3913043478261,1082.3934291,0.0,0.0,0.0
Other,2025,Winter,5616.0,7023.28246338,0.0,0.0,0.0
Puducherry,2023,Monsoon,447.9016393442623,1220.16,30.197131147540986,71.81967213114754,413.2
Puducherry,2023,Post-Monsoon,417.7049180327869,562.93,27.020491803278688,83.09836065573771,548.5
Puducherry,2023,Summer,444.327868852459,610.7,29.695081967213117,76.0327868852459,100.5
Puducherry,2023,Winter,387.7096774193548,262.84999999999997,25.870967741935484,82.06451612903226,107.0
Puducherry,2024,Monsoon,467.9344262295082,1259.49,29.95655737704918,72.59836065573771,404.3
Puducherry,2024,Post-Monsoon,424.672131147541,572.69,27.01311475409836,81.93442622950819,638.3
Puducherry,2024,Summer,460.6703296703297,941.93,29.390659340659344,77.42857142857143,250.9
Puducherry,2024,Winter,394.65168539325845,768.74,26.17865168539326,79.50561797752809,380.2
Puducherry,2025,Monsoon,473.94262295081967,1253.03,29.86844262295082,71.0,375.8
Puducherry,2025,Post-Monsoon,425.0,54.769999999999996,28.983333333333334,75.66666666666667,32.5
Puducherry,2025,Summer,477.5652173913044,945.2,29.418478260869566,74.91304347826087,186.7
Puducherry,2025,Winter,393.76271186440675,511.08,25.70169491525424,75.33898305084746,43.1
Punjab,2023,Monsoon,12725.61475409836,33264.0,29.104918032786887,74.82377049180327,535.95
Punjab,2023,Post-Monsoon,7705.0327868852455,9315.49,21.85409836065574,67.20491803278688,50.6
Punjab,2023,Summer,7567.213114754099,9549.72,25.88032786885246,48.24590163934426,98.65
Punjab,2023,Winter,7478.1612903225805,4402.31,14.608870967741936,74.38709677419355,0.15
Punjab,2024,Monsoon,14259.45081967213,37104.27,30.473360655737704,66.99590163934427,362.5
Punjab,2024,Post-Monsoon,8644.442622950819,10645.79,23.474999999999998,63.73770491803279,1.75
Punjab,2024,Summer,9119.791208791208,16265.13,25.709890109890107,42.47802197802198,81.85
Punjab,2024,Winter,8579.123595505618,13971.3,12.844943820224719,74.01123595505618,69.75
Punjab,2025,Monsoon,13628.426229508197,34873.21,29.121721311475408,75.69262295081967,758.65
Punjab,2025,Post-Monsoon,10711.333333333334,1339.3,26.387500000000003,72.25,37.1
Punjab,2025,Summer,9313.532608695652,16848.44,26.591576086956525,44.880434782608695,71.45
Punjab,2025,Winter,8415.949152542373,9082.73,14.848728813559323,71.10169491525424,63.95
Rajasthan,2023,Monsoon,13753.295081967213,35941.59,29.29207650273224,69.65027322404372,512.5333333333333
Rajasthan,2023,Post-Monsoon,14690.311475409837,17888.18,24.09918032786885,49.431693989071036,10.933333333333334
Rajasthan,2023,Summer,12750.868852459016,15484.21,29.254918032786886,35.18032786885246,49.8
Rajasthan,2023,Winter,16238.161290322581,9339.36,17.11182795698925,64.63440860215053,2.8666666666666667
Rajasthan,2024,Monsoon,13859.598360655738,36644.73,29.70245901639344,70.48087431693989,714.9666666666667
Rajasthan,2024,Post-Monsoon,15784.475409836066,19450.74,24.901092896174863,51.01092896174863,4.2
Rajasthan,2024,Summer,14615.989010989011,26985.44,29.27417582417582,26.35531135531135,6.266666666666667
Rajasthan,2024,Winter,17179.14606741573,28607.81,16.504681647940075,59.90636704119849,26.3
Rajasthan,2025,Monsoon,13822.631147540984,36935.71,29.16912568306011,70.6311475409836,690.1
Rajasthan,2025,Post-Monsoon,12917.5,1720.26,26.66944444444444,78.11111111111111,31.666666666666664
Rajasthan,2025,Summer,14872.0,27851.43,29.91394927536232,28.01086956521739,14.366666666666667
Rajasthan,2025,Winter,17936.5593220339,19763.06,18.088418079096044,56.282485875706215,10.266666666666666
Sikkim,2023,Monsoon,82.44262295081967,151.89,25.749180327868853,85.80327868852459,3223.8
Sikkim,2023,Post-Monsoon,79.0327868852459,69.98,20.265573770491805,70.93442622950819,309.6
Sikkim,2023,Summer,91.77049180327869,89.48,21.54016393442623,79.08196721311475,1289.0
Sikkim,2023,Winter,102.80645161290323,52.13,15.53225806451613,65.09677419354838,105.9
Sikkim,2024,Monsoon,80.86065573770492,153.39,26.102868852459018,84.70491803278688,2248.3
Sikkim,2024,Post-Monsoon,88.22950819672131,81.39,20.65573770491803,74.31147540983606,404.4
Sikkim,2024,Summer,94.92307692307692,141.97,20.622527472527473,73.7032967032967,1040.0
Sikkim,2024,Winter,115.97752808988764,166.19,13.464044943820225,70.15730337078652,797.4
Sikkim,2025,Monsoon,79.51639344262296,148.91,26.295081967213115,85.31147540983606,1892.2
Sikkim,2025,Post-Monsoon,56.0,4.7,24.525000000000002,83.0,122.5
Sikkim,2025,Summer,91.03260869565217,135.53,21.517391304347825,75.51086956521739,1686.9
Sikkim,2025,Winter,117.69491525423729,112.08,14.972881355932204,68.89830508474576,748.4
Tamil Nadu,2023,Monsoon,16603.926229508197,43504.4,29.501229508196722,69.96448087431693,482.23333333333335
Tamil Nadu,2023,Post-Monsoon,15284.426229508197,19379.31,26.867213114754097,79.68306010928963,487.3333333333333
Tamil Nadu,2023,Summer,17108.508196721312,22222.48,30.147814207650274,68.45901639344262,167.86666666666667
Tamil Nadu,2023,Winter,14767.58064516129,9277.65,25.706451612903226,77.29032258064517,167.96666666666667
Tamil Nadu,2024,Monsoon,16844.983606557376,44116.33,28.89030054644809,72.58743169398906,480.0333333333333
Tamil Nadu,2024,Post-Monsoon,15495.27868852459,19639.11,26.493169398907103,80.8688524590164,520.3
Tamil Nadu,2024,Summer,18572.406593406595,36237.89,30.526556776556774,64.64102564102564,233.63333333333333
Tamil Nadu,2024,Winter,15744.123595505618,28849.64,26.489700374531836,71.68913857677903,221.06666666666666
Tamil Nadu,2025,Monsoon,17611.82786885246,46108.55,29.007103825136614,69.51639344262296,436.43333333333334
Tamil Nadu,2025,Post-Monsoon,16092.5,2050.83,28.79444444444444,73.0,32.83333333333333
Tamil Nadu,2025,Summer,17864.66304347826,35087.22,29.81141304347826,66.41666666666666,206.9
Tamil Nadu,2025,Winter,16407.5593220339,19888.39,26.1454802259887,66.63276836158191,49.699999999999996
Telangana,2023,Monsoon,11376.680327868853,27380.25,28.011475409836066,71.63524590163935,752.85
Telangana,2023,Post-Monsoon,11757.83606557377,14519.03,25.797131147540984,65.60655737704919,72.95
Telangana,2023,Summer,10648.819672131147,13053.52,29.669672131147543,52.18852459016394,190.1
Telangana,2023,Winter,11244.09677419355,6526.07,22.55322580645161,65.75806451612904,7.1
Telangana,2024,Monsoon,11556.860655737704,28363.12,26.815163934426227,79.52868852459017,1044.1
Telangana,2024,Post-Monsoon,10962.819672131147,13277.380000000001,25.1327868852459,70.39344262295081,107.6
Telangana,2024,Summer,11835.021978021978,22293.36,30.593956043956045,47.73626373626374,105.8
Telangana,2024,Winter,13444.044943820225,22563.72,24.534831460674155,61.938202247191015,33.7
Telangana,2025,Monsoon,12107.795081967213,28761.96,26.896516393442624,76.0860655737705,641.35
Telangana,2025,Post-Monsoon,11584.333333333334,1301.67,26.379166666666666,78.33333333333333,14.1
Telangana,2025,Summer,12712.478260869566,23614.03,29.660054347826087,50.130434782608695,99.7
Telangana,2025,Winter,15097.694915254237,16779.43,24.678389830508475,53.55084745762712,0.25
Tripura,2023,Monsoon,306.3360655737705,680.33,29.246311475409836,83.4672131147541,1123.6
Tripura,2023,Post-Monsoon,274.42622950819674,286.88,25.304098360655736,79.88524590163935,158.5
Tripura,2023,Summer,293.08196721311475,323.89,28.42459016393443,70.9672131147541,234.5
Tripura,2023,Winter,229.32258064516128,121.15,20.40967741935484,82.03225806451613,47.900000000000006
Tripura,2024,Monsoon,307.04918032786884,689.74,28.830737704918032,84.84426229508196,1238.2
Tripura,2024,Post-Monsoon,273.9836065573771,300.92,25.789344262295085,79.78688524590164,228.6
Tripura,2024,Summer,287.46153846153845,452.74,27.74615384615385,73.62637362637362,556.9
Tripura,2024,Winter,231.47191011235955,347.81,19.594382022471912,75.85393258426966,20.2
Tripura,2025,Monsoon,345.2295081967213,727.5,28.401639344262296,87.30327868852459,1096.3
Tripura,2025,Post-Monsoon,285.1666666666667,33.06,27.333333333333332,91.33333333333333,89.0
Tripura,2025,Summer,290.5326086956522,486.88,28.355434782608693,69.6304347826087,401.6
Tripura,2025,Winter,232.38983050847457,235.99,21.49406779661017,70.16949152542372,15.0
Uttar Pradesh,2023,Monsoon,24863.344262295082,60706.33,30.48688524590164,72.875,815.2
Uttar Pradesh,2023,Post-Monsoon,18332.524590163935,21567.99,24.262090163934424,68.3688524590164,48.575
Uttar Pradesh,2023,Summer,21073.885245901638,24354.55,29.589959016393443,42.24180327868852,52.800000000000004
Uttar Pradesh,2023,Winter,17385.8064516129,9798.51,17.53306451612903,75.28225806451613,10.325
Uttar Pradesh,2024,Monsoon,26500.090163934427,65784.01,30.525000000000002,74.76844262295081,1042.375
Uttar Pradesh,2024,Post-Monsoon,20508.918032786885,24713.9,24.982172131147543,69.98360655737704,8.65
Uttar Pradesh,2024,Summer,21975.31868131868,40356.95,29.45576923076923,38.857142857142854,38.6
Uttar Pradesh,2024,Winter,19094.52808988764,30530.28,16.221067415730335,73.76966292134831,61.325
Uttar Pradesh,2025,Monsoon,27528.89344262295,65974.78,30.04620901639344,77.10655737704919,770.65
Uttar Pradesh,2025,Post-Monsoon,23418.333333333332,2772.79,27.64375,81.375,94.125
Uttar Pradesh,2025,Summer,22942.206521739132,40462.04,29.65747282608696,41.0625,38.9
Uttar Pradesh,2025,Winter,19642.050847457627,21012.84,17.850211864406777,70.48728813559322,8.0
Uttarakhand,2023,Monsoon,2144.4508196721313,5649.85,22.780532786885246,81.59426229508196,819.9
Uttarakhand,2023,Post-Monsoon,1991.4590163934427,2354.7,16.496311475409836,68.64754098360656,55.2
Uttarakhand,2023,Summer,2035.5081967213114,2529.84,19.447540983606558,54.67213114754098,148.7
Uttarakhand,2023,Winter,2216.516129032258,1276.67,11.44032258064516,64.91935483870968,1.8
Uttarakhand,2024,Monsoon,2371.065573770492,6219.47,23.628483606557378,78.50409836065573,1424.65
Uttarakhand,2024,Post-Monsoon,2126.4918032786886,2562.2,17.149590163934427,77.04098360655738,14.049999999999999
Uttarakhand,2024,Summer,2210.021978021978,4156.73,19.556868131868132,49.747252747252745,113.45
Uttarakhand,2024,Winter,2351.775280898876,3913.39,10.054213483146068,63.60674157303371,125.14999999999999
Uttarakhand,2025,Monsoon,2372.622950819672,6062.35,22.65676229508197,85.01639344262296,901.0
Uttarakhand,2025,Post-Monsoon,2229.0,263.69,20.208333333333332,83.25,14.450000000000001
Uttarakhand,2025,Summer,2206.978260869565,4099.01,18.985869565217392,58.68478260869565,214.55
Uttarakhand,2025,Winter,2376.1186440677966,2570.94,11.650423728813559,60.016949152542374,112.4
West Bengal,2023,Monsoon,9778.893442622952,25241.8346,28.764754098360658,84.44672131147541,2047.95
West Bengal,2023,Post-Monsoon,7835.55737704918,9749.71,25.175,71.77049180327869,168.3
West Bengal,2023,Summer,9681.262295081968,12303.1,28.535245901639346,66.72950819672131,186.4
West Bengal,2023,Winter,6575.677419354839,4052.85,20.113709677419354,69.35483870967742,13.2
West Bengal,2024,Monsoon,10621.61475409836,26735.48,28.645696721311477,85.2827868852459,2123.3
West Bengal,2024,Post-Monsoon,8453.27868852459,10499.1563,25.140573770491805,76.54098360655738,186.05
West Bengal,2024,Summer,10018.846153846154,18685.75,27.709615384615386,67.54395604395604,269.85
West Bengal,2024,Winter,6994.808988764045,12805.3591,19.229494382022473,70.88202247191012,41.85
West Bengal,2025,Monsoon,10756.426229508197,27491.7442,28.558196721311475,84.93032786885246,1898.55
West Bengal,2025,Post-Monsoon,8854.0,1099.42,26.8875,87.66666666666667,148.95
West Bengal,2025,Summer,10242.195652173914,19570.2445,27.88532608695652,68.13586956521739,435.2
West Bengal,2025,Winter,7670.0847457627115,9277.9817,20.703389830508474,69.04237288135593,29.35
