State,Year,Month,Avg_Max_Demand_MW,Sum_Energy_Met_MU,Avg_Temp,Avg_Humidity,Total_Rainfall
Andhra Pradesh,2023,4,11697.966666666667,7050.42,30.896666666666665,66.91111111111111,45.4
Andhra Pradesh,2023,5,10786.322580645161,6869.97,32.00752688172043,69.05376344086021,131.33333333333334
Andhra Pradesh,2023,6,11485.066666666668,7112.78,33.455,58.32222222222222,50.8
Andhra Pradesh,2023,7,9648.548387096775,6332.08,29.61236559139785,73.59139784946237,304.4666666666667
Andhra Pradesh,2023,8,11584.193548387097,7174.66,30.612903225806452,69.48387096774194,99.6
Andhra Pradesh,2023,9,10384.033333333333,6550.21,29.6,77.16666666666667,221.63333333333333
Andhra Pradesh,2023,10,12035.290322580646,7279.68,29.193010752688174,70.49462365591398,29.9
Andhra Pradesh,2023,11,10486.033333333333,6296.19,26.977777777777778,78.48888888888888,149.23333333333332
Andhra Pradesh,2023,12,9445.451612903225,5756.1,24.371505376344086,79.7741935483871,196.26666666666668
Andhra Pradesh,2024,1,11435.032258064517,6452.9,24.82043010752688,76.79569892473118,13.299999999999999
Andhra Pradesh,2024,2,12449.689655172413,6657.55,26.95287356321839,74.65517241379311,7.466666666666667
Andhra Pradesh,2024,3,12748.741935483871,7348.34,29.37311827956989,71.13978494623656,7.499999999999999
Andhra Pradesh,2024,4,12739.566666666668,7347.1,32.272777777777776,66.11111111111111,1.433333333333333
Andhra Pradesh,2024,5,11355.366666666667,6809.5,32.39333333333333,70.52222222222221,188.63333333333333
Andhra Pradesh,2024,6,10143.8,6349.41,30.96333333333333,72.02222222222221,219.46666666666667
Andhra Pradesh,2024,7,9638.451612903225,6353.38,28.764516129032256,78.16129032258064,295.8666666666667
Andhra Pradesh,2024,8,10527.064516129032,6844.71,29.266129032258064,77.94623655913979,270.8666666666667
Andhra Pradesh,2024,9,10163.8,6432.04,28.596666666666668,78.15555555555555,339.6666666666667
Andhra Pradesh,2024,10,9796.709677419354,6381.81,28.1247311827957,80.6021505376344,141.2
Andhra Pradesh,2024,11,10159.633333333333,6166.33,26.695555555555554,72.5,104.06666666666666
Andhra Pradesh,2024,12,9498.103448275862,5525.01,25.250574712643676,80.17241379310344,131.76666666666665
Andhra Pradesh,2025,1,11146.838709677419,6356.59,24.298924731182794,74.52688172043011,3.599999999999999
Andhra Pradesh,2025,2,12357.892857142857,6580.81,27.28988095238095,72.26190476190476,1.933333333333333
Andhra Pradesh,2025,3,12597.806451612903,7599.72,29.581182795698926,69.23655913978494,3.9999999999999996
Andhra Pradesh,2025,4,11963.3,7088.64,31.173888888888886,69.38888888888889,21.9
Andhra Pradesh,2025,5,10390.322580645161,6636.3,30.84731182795699,72.55913978494624,148.5
Andhra Pradesh,2025,6,10625.733333333334,6659.76,31.24722222222222,65.23333333333333,93.1
Andhra Pradesh,2025,7,10635.677419354839,6926.13,30.146236559139783,68.72043010752687,140.53333333333333
Andhra Pradesh,2025,8,10305.58064516129,6796.41,29.386021505376345,74.35483870967742,233.13333333333333
Andhra Pradesh,2025,9,10167.266666666666,6551.15,29.091666666666665,77.38888888888889,183.83333333333334
Andhra Pradesh,2025,10,10236.666666666666,1300.45,28.855555555555554,76.6111111111111,43.0
Arunachal Pradesh,2023,4,154.63333333333333,72.67,22.623333333333335,75.71666666666667,288.5
Arunachal Pradesh,2023,5,152.09677419354838,77.21000000000001,24.13951612903226,78.74193548387096,404.45
Arunachal Pradesh,2023,6,155.53333333333333,81.63,26.915833333333335,83.01666666666667,723.1
Arunachal Pradesh,2023,7,152.90322580645162,82.94,27.62741935483871,83.87096774193549,416.75
Arunachal Pradesh,2023,8,159.2258064516129,89.74,27.419354838709676,85.45161290322581,598.1
Arunachal Pradesh,2023,9,166.23333333333332,90.47,28.145,78.98333333333333,166.45
Arunachal Pradesh,2023,10,154.1290322580645,83.72,24.398387096774194,77.93548387096774,284.55
Arunachal Pradesh,2023,11,155.7,79.31,21.5125,66.6,14.799999999999999
Arunachal Pradesh,2023,12,163.7741935483871,87.45,18.94112903225807,63.58064516129032,9.85
Arunachal Pradesh,2024,1,170.03225806451613,88.73,16.348387096774193,64.58064516129032,17.849999999999998
Arunachal Pradesh,2024,2,172.06896551724137,89.22,16.798275862068966,72.56896551724138,111.55
Arunachal Pradesh,2024,3,165.8709677419355,88.92,20.84032258064516,70.38709677419355,114.2
Arunachal Pradesh,2024,4,159.7,75.41,23.14,76.76666666666667,322.0
Arunachal Pradesh,2024,5,155.83333333333334,83.33,25.68,76.21666666666667,305.8
Arunachal Pradesh,2024,6,154.9,84.19,26.85,85.53333333333333,862.1
Arunachal Pradesh,2024,7,154.51612903225808,89.67,28.16532258064516,82.66129032258064,514.75
Arunachal Pradesh,2024,8,164.83870967741936,89.01,27.798387096774192,84.14516129032258,308.9
Arunachal Pradesh,2024,9,176.96666666666667,95.75,28.646666666666665,78.63333333333334,126.25
Arunachal Pradesh,2024,10,148.03225806451613,83.71,23.811290322580643,82.7258064516129,290.55
Arunachal Pradesh,2024,11,149.43333333333334,78.37,21.355,68.2,8.3
Arunachal Pradesh,2024,12,167.55172413793105,81.53,17.817241379310346,61.89655172413793,10.55
Arunachal Pradesh,2025,1,179.96774193548387,94.62,17.35483870967742,67.41935483870968,77.55
Arunachal Pradesh,2025,2,186.28571428571428,94.09,17.849107142857143,69.0,90.45
Arunachal Pradesh,2025,3,170.74193548387098,95.66,20.68951612903226,70.62903225806451,105.35
Arunachal Pradesh,2025,4,168.1,86.42999999999999,23.8075,73.86666666666666,277.65
Arunachal Pradesh,2025,5,173.61290322580646,97.44,25.095967741935485,81.7741935483871,552.2
Arunachal Pradesh,2025,6,185.26666666666668,99.62,28.03666666666667,79.85,295.5
Arunachal Pradesh,2025,7,207.80645161290323,118.62,28.74274193548387,80.2741935483871,181.2
Arunachal Pradesh,2025,8,200.8709677419355,115.78,27.362903225806452,84.96774193548387,253.35
Arunachal Pradesh,2025,9,205.7,114.57,27.7625,81.55,187.05
Arunachal Pradesh,2025,10,176.16666666666666,18.29,25.49166666666667,89.0,123.15
Assam,2023,4,1740.5,928.59,24.43277777777778,76.5,166.06666666666666
Assam,2023,5,1821.8709677419354,1021.51,25.747311827956988,80.08602150537634,342.2
Assam,2023,6,1995.6666666666667,1134.04,27.92111111111111,85.23333333333333,759.6
Assam,2023,7,2204.935483870968,1318.21,28.590860215053763,87.2258064516129,618.4333333333333
Assam,2023,8,2165.8709677419356,1312.97,28.580107526881722,87.52688172043011,588.9333333333333
Assam,2023,9,2225.633333333333,1332.28,29.070555555555554,83.94444444444444,294.43333333333334
Assam,2023,10,1948.3870967741937,1091.35,25.69462365591398,84.16129032258064,260.23333333333335
Assam,2023,11,1639.9333333333334,843.8,22.497777777777777,79.91111111111111,40.96666666666667
Assam,2023,12,1498.2903225806451,813.09,19.256451612903227,81.6021505376344,22.166666666666668
Assam,2024,1,1472.8387096774193,820.29,17.01451612903226,80.20430107526882,23.8
Assam,2024,2,1529.1379310344828,802.75,17.941379310344825,79.26436781609195,124.83333333333333
Assam,2024,3,1557.225806451613,879.81,21.69677419354839,75.29032258064517,111.3
Assam,2024,4,1810.0,994.77,24.883888888888887,77.45555555555555,292.96666666666664
Assam,2024,5,1987.2666666666667,1084.48,27.072777777777777,79.34444444444445,306.1
Assam,2024,6,2128.1666666666665,1189.48,27.78388888888889,88.46666666666667,711.2
Assam,2024,7,2278.6129032258063,1369.96,29.100537634408603,86.81720430107528,579.1666666666666
Assam,2024,8,2344.3870967741937,1394.08,28.437096774193545,86.65591397849462,534.1333333333333
Assam,2024,9,2391.8,1416.69,29.255555555555553,83.05555555555556,218.23333333333332
Assam,2024,10,1905.032258064516,1072.11,24.98279569892473,87.40860215053763,273.3
Assam,2024,11,1703.4333333333334,889.45,22.51888888888889,80.96666666666667,6.166666666666666
Assam,2024,12,1534.9655172413793,770.33,18.375287356321838,79.75862068965517,6.2
Assam,2025,1,1515.8064516129032,842.94,18.07043010752688,81.0,58.96666666666666
Assam,2025,2,1558.9285714285713,795.65,19.03690476190476,76.5,88.06666666666668
Assam,2025,3,1696.6451612903227,943.84,21.977956989247314,74.03225806451613,153.93333333333334
Assam,2025,4,1852.3,1011.38,25.262777777777778,77.66666666666667,315.93333333333334
Assam,2025,5,1928.6451612903227,1087.8700000000001,26.136021505376345,85.30107526881721,575.5333333333334
Assam,2025,6,2387.0666666666666,1356.69,28.775555555555556,83.28888888888888,335.46666666666664
Assam,2025,7,2521.967741935484,1534.56,29.362903225806452,84.18279569892472,381.93333333333334
Assam,2025,8,2399.5806451612902,1438.45,28.340860215053763,87.74193548387096,487.1333333333333
Assam,2025,9,2418.0333333333333,1416.56,28.548333333333336,86.5,298.9666666666667
Assam,2025,10,2012.1666666666667,225.07,26.819444444444443,90.05555555555556,88.33333333333333
Bihar,2023,4,5955.866666666667,3477.45,30.10111111111111,34.18888888888888,13.066666666666666
Bihar,2023,5,6094.322580645161,3709.72,30.967741935483872,49.59139784946236,29.866666666666667
Bihar,2023,6,6544.766666666666,4047.193,33.94111111111111,48.44444444444444,116.36666666666666
Bihar,2023,7,6773.129032258064,4318.12,30.533870967741933,77.48387096774194,259.09999999999997
Bihar,2023,8,6774.290322580645,4238.67,29.3752688172043,81.74193548387096,323.6333333333333
Bihar,2023,9,6701.266666666666,4093.4,28.97111111111111,84.96666666666667,254.56666666666666
Bihar,2023,10,5594.5161290322585,3510.33,26.225268817204302,75.3763440860215,123.9
Bihar,2023,11,4713.233333333334,2630.01,22.903333333333332,70.18888888888888,0.3666666666666665
Bihar,2023,12,4440.096774193548,2588.7799999999997,18.681720430107525,72.6236559139785,11.733333333333334
Bihar,2024,1,5063.096774193548,2999.02,15.193010752688172,82.82795698924731,1.5999999999999996
Bihar,2024,2,4755.482758620689,2565.58,18.701149425287355,68.08045977011494,17.833333333333332
Bihar,2024,3,4846.5161290322585,2879.3,23.733333333333334,57.956989247311824,31.63333333333333
Bihar,2024,4,6398.333333333333,3843.75,32.07111111111111,26.311111111111114,0.0999999999999999
Bihar,2024,5,6712.633333333333,4094.77,32.71722222222222,47.733333333333334,23.233333333333334
Bihar,2024,6,7106.466666666666,4488.68,33.71722222222222,59.5,102.89999999999999
Bihar,2024,7,7117.548387096775,4556.76,30.273118279569893,80.33333333333334,313.93333333333334
Bihar,2024,8,7099.354838709677,4362.71,28.825268817204304,84.75268817204302,358.43333333333334
Bihar,2024,9,7151.333333333333,4278.94,28.83277777777778,83.53333333333333,259.76666666666665
Bihar,2024,10,6457.193548387097,3994.864,27.004301075268817,79.58064516129032,33.199999999999996
Bihar,2024,11,4905.866666666667,2805.59,22.708333333333332,72.63333333333334,0.5999999999999998
Bihar,2024,12,4895.517241379311,2584.178,17.863793103448273,72.63218390804599,5.5
Bihar,2025,1,5441.709677419355,3135.38,16.0252688172043,82.1505376344086,0.43333333333333324
Bihar,2025,2,5161.535714285715,2775.39,20.017857142857142,65.67857142857143,0.0333333333333333
Bihar,2025,3,5379.451612903225,3292.059,25.338172043010754,47.064516129032256,4.966666666666667
Bihar,2025,4,6340.033333333334,3673.03,29.755,45.98888888888889,16.333333333333336
Bihar,2025,5,7120.1612903225805,4429.853,31.068817204301077,59.225806451612904,68.36666666666666
Bihar,2025,6,7594.133333333333,4627.984,31.098333333333333,68.71111111111112,192.83333333333334
Bihar,2025,7,7973.129032258064,4934.7,29.756451612903223,80.91397849462366,230.1
Bihar,2025,8,7712.645161290323,4792.37,29.037096774193547,84.16129032258064,294.5
Bihar,2025,9,7895.7,4879.24,29.16611111111111,83.55555555555556,167.5
Bihar,2025,10,6065.666666666667,691.6,27.230555555555554,86.0,99.36666666666666
Chandigarh,2023,4,204.0,117.71,25.11,40.63333333333333,20.5
Chandigarh,2023,5,250.19354838709677,153.51,27.374193548387098,44.064516129032256,77.6
Chandigarh,2023,6,306.43333333333334,182.41,29.743333333333336,59.166666666666664,101.0
Chandigarh,2023,7,316.83870967741933,195.66,28.62741935483871,79.45161290322581,224.6
Chandigarh,2023,8,345.7741935483871,213.21,28.411290322580644,81.3225806451613,213.8
Chandigarh,2023,9,323.6666666666667,194.38,28.08,74.1,47.4
Chandigarh,2023,10,216.96774193548387,126.63,24.225806451612904,57.12903225806452,11.5
Chandigarh,2023,11,189.66666666666666,101.61,19.68166666666667,65.33333333333333,16.9
Chandigarh,2023,12,227.4516129032258,117.47,15.22741935483871,65.03225806451613,0.0
Chandigarh,2024,1,302.258064516129,158.01,11.362903225806452,81.70967741935483,2.6
Chandigarh,2024,2,249.86206896551724,116.02,15.006896551724138,61.37931034482759,42.3
Chandigarh,2024,3,206.80645161290323,108.67,20.43064516129032,51.38709677419355,57.0
Chandigarh,2024,4,220.96666666666667,130.67,25.91166666666667,35.9,16.3
Chandigarh,2024,5,339.6666666666667,201.24,31.96333333333333,26.766666666666666,16.099999999999998
Chandigarh,2024,6,401.3333333333333,237.43,33.678333333333335,36.56666666666667,13.8
Chandigarh,2024,7,387.35483870967744,238.61,30.398387096774194,72.93548387096774,188.9
Chandigarh,2024,8,349.2903225806452,214.31,28.646774193548385,79.38709677419355,138.9
Chandigarh,2024,9,310.53333333333336,188.77,27.828333333333333,75.83333333333333,46.6
Chandigarh,2024,10,241.67741935483872,145.13,26.095161290322583,55.58064516129032,0.1
Chandigarh,2024,11,201.1,108.81,20.763333333333332,60.93333333333333,0.0
Chandigarh,2024,12,236.41379310344828,118.64,14.803448275862069,59.206896551724135,27.0
Chandigarh,2025,1,273.2258064516129,137.66,14.087096774193547,71.83870967741936,8.6
Chandigarh,2025,2,236.85714285714286,107.83,17.398214285714285,54.42857142857143,45.8
Chandigarh,2025,3,200.74193548387098,109.27,21.203225806451613,47.25806451612903,15.5
Chandigarh,2025,4,253.93333333333334,149.65,28.33,31.033333333333335,6.6000000000000005
Chandigarh,2025,5,317.8709677419355,191.32,30.18064516129032,44.45161290322581,49.8
Chandigarh,2025,6,359.03333333333336,214.23,31.301666666666666,55.53333333333333,179.2
Chandigarh,2025,7,334.93548387096774,211.71,28.806451612903224,79.3225806451613,98.5
Chandigarh,2025,8,315.258064516129,196.24,27.874193548387098,84.09677419354838,257.0
Chandigarh,2025,9,302.1333333333333,181.48,27.413333333333334,79.26666666666667,155.1
Chandigarh,2025,10,276.1666666666667,33.37,26.691666666666666,68.5,28.0
Chhattisgarh,2023,4,5338.4,3644.96,29.103333333333335,48.833333333333336,21.25
Chhattisgarh,2023,5,4656.935483870968,3212.33,31.641129032258064,43.17741935483871,29.35
Chhattisgarh,2023,6,4744.333333333333,3194.7,32.74666666666666,48.81666666666667,269.3
Chhattisgarh,2023,7,4835.096774193548,3356.0,28.039516129032258,83.30645161290323,536.7
Chhattisgarh,2023,8,5130.0,3592.41,27.58951612903226,79.56451612903226,239.9
Chhattisgarh,2023,9,4717.866666666667,3172.77,27.1325,86.68333333333334,488.1
Chhattisgarh,2023,10,4930.645161290323,3413.6,25.96129032258065,67.58064516129032,19.0
Chhattisgarh,2023,11,4272.766666666666,2694.2,23.735833333333336,67.78333333333333,17.45
Chhattisgarh,2023,12,4378.4,2692.41,20.09,74.16666666666667,37.300000000000004
Chhattisgarh,2024,1,5027.741935483871,3200.3,21.063709677419357,69.69354838709677,30.25
Chhattisgarh,2024,2,5562.862068965517,3453.0,23.712931034482757,61.6551724137931,22.8
Chhattisgarh,2024,3,5707.709677419355,3947.64,27.38790322580645,48.596774193548384,45.35
Chhattisgarh,2024,4,5933.833333333333,3976.2200000000003,30.845000000000002,46.0,41.2
Chhattisgarh,2024,5,5312.066666666667,3553.9,33.145,42.78333333333333,38.0
Chhattisgarh,2024,6,5181.966666666666,3469.6,31.581666666666667,64.6,222.1
Chhattisgarh,2024,7,5132.612903225807,3604.02,27.491129032258065,85.20967741935483,574.8
Chhattisgarh,2024,8,4783.322580645161,3300.43,26.808064516129033,86.43548387096774,496.0
Chhattisgarh,2024,9,5281.433333333333,3544.6,27.209999999999997,84.33333333333333,390.55
Chhattisgarh,2024,10,5510.612903225807,3852.08,27.392741935483873,75.24193548387096,28.55
Chhattisgarh,2024,11,4329.066666666667,2711.9,22.958333333333332,63.78333333333333,1.4500000000000002
Chhattisgarh,2024,12,4765.827586206897,2832.54,21.735344827586207,69.06896551724138,10.75
Chhattisgarh,2025,1,5506.870967741936,3511.35,21.13951612903226,58.03225806451613,0.0
Chhattisgarh,2025,2,5946.142857142857,3700.45,25.56964285714286,41.17857142857143,0.0
Chhattisgarh,2025,3,6249.612903225807,4391.9,28.76451612903226,34.45161290322581,3.5
Chhattisgarh,2025,4,6377.833333333333,4302.82,31.676666666666666,37.61666666666667,7.4
Chhattisgarh,2025,5,5244.741935483871,3588.32,31.223387096774193,56.903225806451616,67.95
Chhattisgarh,2025,6,5238.433333333333,3495.87,30.139166666666664,63.95,118.9
Chhattisgarh,2025,7,4938.419354838709,3369.29,27.198387096774194,84.04838709677419,477.3
Chhattisgarh,2025,8,5777.387096774193,4012.79,27.458064516129035,83.46774193548387,272.6
Chhattisgarh,2025,9,5499.8,3656.4,27.0175,87.5,331.95
Chhattisgarh,2025,10,4768.666666666667,629.1,26.47083333333333,88.91666666666667,86.45
Dadra And Nagar Haveli And Daman And Diu,2023,4,1234.2,849.86506,28.921666666666667,63.9,1.9
Dadra And Nagar Haveli And Daman And Diu,2023,5,1231.3548387096773,875.80108,30.356451612903225,70.58064516129032,4.7
Dadra And Nagar Haveli And Daman And Diu,2023,6,1273.3,879.4,29.89,75.36666666666666,270.0
Dadra And Nagar Haveli And Daman And Diu,2023,7,1280.1290322580646,919.9,26.990322580645163,88.61290322580645,779.2
Dadra And Nagar Haveli And Daman And Diu,2023,8,1259.3548387096773,894.00666,27.175806451612903,84.35483870967742,133.9
Dadra And Nagar Haveli And Daman And Diu,2023,9,1273.9333333333334,876.0064199999999,27.421666666666667,86.26666666666667,249.1
Dadra And Nagar Haveli And Daman And Diu,2023,10,1264.3870967741937,897.6,28.16774193548387,68.03225806451613,4.3
Dadra And Nagar Haveli And Daman And Diu,2023,11,1185.0333333333333,800.5,27.43166666666667,58.63333333333333,25.0
Dadra And Nagar Haveli And Daman And Diu,2023,12,1240.5483870967741,881.14114,25.10645161290323,66.3225806451613,1.8
Dadra And Nagar Haveli And Daman And Diu,2024,1,1246.225806451613,879.0,23.225806451612904,61.193548387096776,0.1
Dadra And Nagar Haveli And Daman And Diu,2024,2,1263.5172413793102,843.2,25.00862068965517,55.827586206896555,0.0
Dadra And Nagar Haveli And Daman And Diu,2024,3,1231.483870967742,866.06506,26.22258064516129,56.806451612903224,0.9
Dadra And Nagar Haveli And Daman And Diu,2024,4,1250.7333333333333,864.17352,30.136666666666667,58.833333333333336,0.0
Dadra And Nagar Haveli And Daman And Diu,2024,5,1293.3,891.7,31.67,67.13333333333334,4.9
Dadra And Nagar Haveli And Daman And Diu,2024,6,1316.5666666666666,906.9,29.645,78.36666666666666,186.3
Dadra And Nagar Haveli And Daman And Diu,2024,7,1293.2903225806451,921.8598,27.301612903225806,88.7741935483871,751.6999999999999
Dadra And Nagar Haveli And Daman And Diu,2024,8,1268.6451612903227,896.388,27.137096774193548,86.96774193548387,454.90000000000003
Dadra And Nagar Haveli And Daman And Diu,2024,9,1305.7,901.61006,26.790000000000003,86.83333333333333,317.1
Dadra And Nagar Haveli And Daman And Diu,2024,10,1299.0967741935483,937.91964,27.86935483870968,83.29032258064517,171.6
Dadra And Nagar Haveli And Daman And Diu,2024,11,1273.5333333333333,869.4,26.328333333333333,56.266666666666666,0.0
Dadra And Nagar Haveli And Daman And Diu,2024,12,1305.1724137931035,868.37184,23.598275862068967,63.3448275862069,0.30000000000000004
Dadra And Nagar Haveli And Daman And Diu,2025,1,1310.9354838709678,921.7391,23.885483870967743,60.903225806451616,0.1
Dadra And Nagar Haveli And Daman And Diu,2025,2,1318.5714285714287,847.8291,25.973214285714285,46.07142857142857,0.0
Dadra And Nagar Haveli And Daman And Diu,2025,3,1313.0,924.5,28.361290322580647,46.096774193548384,0.0
Dadra And Nagar Haveli And Daman And Diu,2025,4,1310.9333333333334,905.77944,29.986666666666668,63.0,0.0
Dadra And Nagar Haveli And Daman And Diu,2025,5,1333.258064516129,946.7299,29.9,74.6774193548387,69.1
Dadra And Nagar Haveli And Daman And Diu,2025,6,1350.1333333333334,931.00932,28.491666666666667,82.36666666666666,576.9
Dadra And Nagar Haveli And Daman And Diu,2025,7,1376.516129032258,987.6767,27.00483870967742,87.3225806451613,395.3
Dadra And Nagar Haveli And Daman And Diu,2025,8,1326.258064516129,939.65126,26.782258064516128,87.51612903225806,357.5
Dadra And Nagar Haveli And Daman And Diu,2025,9,1338.8666666666666,922.9,26.64333333333333,87.5,288.8
Dadra And Nagar Haveli And Daman And Diu,2025,10,1288.8333333333333,172.0,26.900000000000002,84.16666666666667,9.9
Delhi,2023,4,4016.9666666666667,2507.18,27.283333333333335,38.8,4.0
Delhi,2023,5,4963.387096774193,3117.25,29.648387096774194,48.03225806451613,42.5
Delhi,2023,6,6044.033333333334,3666.31,31.529999999999998,59.93333333333333,130.1
Delhi,2023,7,6188.741935483871,3911.44,29.60967741935484,82.74193548387096,343.2
Delhi,2023,8,6475.0,4075.5299999999997,30.808064516129033,69.41935483870968,78.2
Delhi,2023,9,5989.466666666666,3711.3,29.628333333333334,72.76666666666667,98.7
Delhi,2023,10,4439.193548387097,2805.23,25.75483870967742,59.70967741935484,6.4
Delhi,2023,11,3736.2,2114.12,20.553333333333335,72.33333333333333,9.2
Delhi,2023,12,4119.709677419355,2211.38,15.966129032258063,76.2258064516129,2.5999999999999996
Delhi,2024,1,5318.4838709677415,2732.26,11.73709677419355,86.93548387096774,6.8
Delhi,2024,2,4424.413793103448,2175.96,16.394827586206898,65.82758620689656,38.6
Delhi,2024,3,3826.3225806451615,2204.23,22.025806451612905,51.83870967741935,15.0
Delhi,2024,4,4529.866666666667,2842.8,29.235,27.9,2.6999999999999997
Delhi,2024,5,6677.3,4044.9,34.373333333333335,26.033333333333335,1.8
Delhi,2024,6,7535.4,4553.94,34.915,39.56666666666667,62.400000000000006
Delhi,2024,7,6893.354838709677,4370.28,30.582258064516132,78.80645161290323,234.5
Delhi,2024,8,6165.548387096775,3953.92,28.751612903225805,84.45161290322581,289.0
Delhi,2024,9,5665.5,3562.13,27.935000000000002,82.73333333333333,337.0
Delhi,2024,10,5010.677419354839,3250.0,27.287096774193547,62.774193548387096,0.0
Delhi,2024,11,3875.0,2242.61,22.511666666666667,59.333333333333336,0.0
Delhi,2024,12,4333.241379310345,2188.69,15.846551724137932,62.724137931034484,38.5
Delhi,2025,1,4999.967741935484,2584.18,14.595161290322581,79.29032258064517,17.599999999999998
Delhi,2025,2,4204.25,2041.48,19.189285714285713,59.857142857142854,20.7
Delhi,2025,3,3814.5806451612902,2320.82,24.379032258064516,41.774193548387096,11.6
Delhi,2025,4,5047.933333333333,3131.37,31.548333333333336,27.466666666666665,12.3
Delhi,2025,5,6153.580645161291,3814.3,32.233870967741936,47.12903225806452,38.7
Delhi,2025,6,6917.633333333333,4226.17,32.401666666666664,58.96666666666667,134.1
Delhi,2025,7,6634.5161290322585,4208.13,30.051612903225806,78.3225806451613,164.3
Delhi,2025,8,6239.290322580645,3974.54,29.153225806451612,81.74193548387096,179.6
Delhi,2025,9,6279.9,3911.98,30.243333333333332,65.7,124.4
Delhi,2025,10,5627.5,693.97,28.691666666666666,71.0,23.299999999999997
Goa,2023,4,718.6666666666666,447.164288,30.061666666666667,68.13333333333334,9.55
Goa,2023,5,726.1290322580645,474.9372008,31.112903225806452,68.20967741935483,36.95
Goa,2023,6,694.3666666666667,440.0,28.210833333333333,82.61666666666666,356.5
Goa,2023,7,606.2903225806451,379.0,25.068548387096776,92.95161290322581,1194.55
Goa,2023,8,634.8709677419355,408.9851336,26.525,87.29032258064517,223.65
Goa,2023,9,647.3333333333334,402.62759,26.458333333333332,88.81666666666666,404.45000000000005
Goa,2023,10,679.6451612903226,425.7,27.68548387096774,83.2258064516129,178.65
Goa,2023,11,690.4,421.9,28.41416666666667,74.2,44.949999999999996
Goa,2023,12,669.2903225806451,414.12564,28.226612903225806,61.596774193548384,0.4
Goa,2024,1,664.1935483870968,400.6,26.504032258064516,69.5,16.2
Goa,2024,2,693.5172413793103,378.3,27.38362068965517,65.5,0.4
Goa,2024,3,708.2258064516129,448.1011348,28.991129032258065,65.2258064516129,1.7
Goa,2024,4,747.1666666666666,479.172684,30.955833333333334,68.15,0.45
Goa,2024,5,760.6,488.7,30.743333333333332,74.83333333333333,112.1
Goa,2024,6,692.5,427.8,26.618333333333332,90.21666666666667,780.6
Goa,2024,7,628.516129032258,409.308266,25.225806451612904,93.25806451612904,1465.7
Goa,2024,8,638.2903225806451,427.3735532,26.238709677419354,89.69354838709677,567.8
Goa,2024,9,641.9666666666667,411.8606892,25.880833333333335,89.73333333333333,349.25
Goa,2024,10,687.6774193548387,454.5274436,26.73951612903226,88.74193548387096,331.6
Goa,2024,11,694.4333333333333,432.9,27.4975,68.1,33.1
Goa,2024,12,691.7931034482758,413.806654,26.785344827586208,74.98275862068965,24.55
Goa,2025,1,700.516129032258,444.217078,26.841129032258067,61.645161290322584,0.0
Goa,2025,2,732.7857142857143,423.8625872,28.22232142857143,62.767857142857146,1.85
Goa,2025,3,767.8709677419355,503.9,29.674193548387095,65.69354838709677,5.8500000000000005
Goa,2025,4,790.0666666666667,512.6002336,30.677500000000002,71.83333333333333,25.049999999999997
Goa,2025,5,759.0645161290323,500.6391016,28.497580645161293,81.59677419354838,538.4
Goa,2025,6,603.9,444.1886324,25.790833333333335,92.9,908.7
Goa,2025,7,565.4516129032259,440.2257116,25.12741935483871,94.35483870967742,939.55
Goa,2025,8,550.3225806451613,428.189946,25.163709677419355,93.93548387096774,717.8
Goa,2025,9,684.6666666666666,434.0,25.519166666666667,92.2,412.7
Goa,2025,10,682.3333333333334,85.8,26.295833333333334,89.5,56.95
Gujarat,2023,4,19842.933333333334,13088.677,31.35666666666667,40.41111111111111,10.033333333333333
Gujarat,2023,5,19892.322580645163,13227.216,33.03279569892473,52.45161290322581,2.766666666666666
Gujarat,2023,6,18165.466666666667,11714.2,31.499444444444446,68.75555555555555,206.60000000000002
Gujarat,2023,7,16087.451612903225,11093.1,28.286021505376343,86.05376344086021,491.0
Gujarat,2023,8,19551.032258064515,12893.062,28.55806451612903,78.20430107526882,48.13333333333333
Gujarat,2023,9,19849.933333333334,12632.987,28.784444444444443,79.42222222222222,232.53333333333333
Gujarat,2023,10,20636.25806451613,13042.4,28.37258064516129,59.41935483870968,0.8333333333333333
Gujarat,2023,11,18719.7,11153.7,26.625555555555554,49.67777777777778,62.23333333333333
Gujarat,2023,12,19910.548387096773,11949.083,23.675268817204298,63.95698924731183,7.0
Gujarat,2024,1,20507.483870967742,12371.9,22.013978494623654,58.72043010752688,0.3333333333333333
Gujarat,2024,2,20093.96551724138,11785.6,25.340804597701148,45.218390804597696,0.0666666666666666
Gujarat,2024,3,20064.064516129034,12947.499,28.01774193548387,37.3010752688172,1.633333333333333
Gujarat,2024,4,22216.933333333334,14014.99,32.715555555555554,35.5,0.0999999999999999
Gujarat,2024,5,23507.8,14491.5,34.98277777777778,44.42222222222222,2.933333333333333
Gujarat,2024,6,22979.333333333332,14324.0,32.89222222222222,63.75555555555555,137.46666666666664
Gujarat,2024,7,18023.09677419355,12373.351,28.519354838709674,85.40860215053763,465.73333333333335
Gujarat,2024,8,17397.967741935485,11549.779,27.736021505376343,86.24731182795698,601.6333333333333
Gujarat,2024,9,19259.633333333335,12411.849,27.71944444444444,84.63333333333334,313.56666666666666
Gujarat,2024,10,19803.129032258064,13184.998,28.309139784946236,76.21505376344085,116.93333333333334
Gujarat,2024,11,19593.466666666667,11808.9,26.320555555555554,47.888888888888886,0.0
Gujarat,2024,12,21475.103448275862,11834.106,23.157471264367818,47.28735632183908,1.5666666666666667
Gujarat,2025,1,22304.83870967742,12838.916,23.431182795698923,49.79569892473118,0.1666666666666666
Gujarat,2025,2,22930.714285714286,12273.769,26.40357142857143,35.58333333333333,0.0
Gujarat,2025,3,22329.645161290322,13979.7,30.234408602150538,27.333333333333332,0.0
Gujarat,2025,4,24711.233333333334,14833.972,33.46111111111111,37.733333333333334,0.1666666666666666
Gujarat,2025,5,22045.09677419355,14192.072,32.25645161290323,62.04301075268817,37.46666666666667
Gujarat,2025,6,20830.266666666666,13384.553,30.75777777777778,72.53333333333333,250.0
Gujarat,2025,7,18714.41935483871,12886.238,28.338172043010754,83.50537634408602,260.8
Gujarat,2025,8,20044.1935483871,13453.485,28.23763440860215,82.6774193548387,291.5333333333333
Gujarat,2025,9,20619.066666666666,13290.3,28.013333333333332,80.53333333333333,213.23333333333335
Gujarat,2025,10,18899.666666666668,2427.7000000000003,27.71666666666667,80.27777777777779,8.6
Haryana,2023,4,6904.733333333334,4088.4300000000003,26.655833333333337,39.61666666666667,5.65
Haryana,2023,5,7986.709677419355,5096.33,29.658870967741937,44.24193548387097,59.2
Haryana,2023,6,9842.433333333332,6137.26,31.52,58.25,72.10000000000001
Haryana,2023,7,10292.967741935483,6724.8,30.125806451612902,79.2258064516129,254.3
Haryana,2023,8,11589.41935483871,7591.64,31.5,63.96774193548387,34.05
Haryana,2023,9,10786.333333333334,6788.7699999999995,29.855,69.1,77.25
Haryana,2023,10,8193.870967741936,5345.63,25.45725806451613,60.41935483870968,8.85
Haryana,2023,11,6730.866666666667,3951.21,20.1875,71.9,14.25
Haryana,2023,12,7563.096774193548,4446.48,15.450806451612904,76.80645161290323,0.65
Haryana,2024,1,8678.41935483871,4912.86,11.268548387096773,87.37096774193549,5.65
Haryana,2024,2,7690.586206896552,4254.87,15.778448275862068,67.43103448275862,10.2
Haryana,2024,3,6823.387096774193,4289.05,21.05806451612903,54.16129032258065,25.6
Haryana,2024,4,8108.666666666667,4671.41,28.21333333333333,30.566666666666666,2.6
Haryana,2024,5,10254.266666666666,6579.41,33.7575,26.183333333333334,0.7500000000000001
Haryana,2024,6,12411.4,7791.41,34.810833333333335,38.86666666666667,47.55
Haryana,2024,7,12719.129032258064,8347.7,31.19112903225807,74.5,197.65
Haryana,2024,8,10935.806451612903,7212.43,29.016129032258064,82.46774193548387,287.75
Haryana,2024,9,10113.833333333334,6457.0199999999995,28.255,79.98333333333333,184.45
Haryana,2024,10,9463.709677419354,6162.22,26.99274193548387,62.17741935483871,0.2
Haryana,2024,11,7255.766666666666,4342.98,21.684166666666666,63.06666666666667,0.0
Haryana,2024,12,8208.068965517241,4432.64,15.001724137931035,66.53448275862068,36.900000000000006
Haryana,2025,1,8016.774193548387,4727.29,13.930645161290323,81.09677419354838,15.5
Haryana,2025,2,8287.857142857143,4394.9,17.871428571428574,67.28571428571429,25.25
Haryana,2025,3,7252.0,4547.5,23.14758064516129,46.61290322580645,11.850000000000001
Haryana,2025,4,8829.9,5211.26,30.96833333333333,26.8,7.199999999999999
Haryana,2025,5,9872.870967741936,6213.67,32.37983870967742,44.016129032258064,26.5
Haryana,2025,6,11774.566666666668,7334.44,32.760000000000005,54.666666666666664,95.75
Haryana,2025,7,12097.838709677419,7942.21,30.236290322580647,76.06451612903226,150.35
Haryana,2025,8,10903.225806451614,7091.71,29.49758064516129,78.43548387096774,170.1
Haryana,2025,9,10837.7,6894.5199999999995,29.526666666666664,68.9,94.35000000000001
Haryana,2025,10,10052.333333333334,1290.37,28.041666666666668,71.0,22.45
Himachal Pradesh,2023,4,1529.6,878.97,11.016666666666667,53.666666666666664,218.8
Himachal Pradesh,2023,5,1508.516129032258,906.04,13.65725806451613,58.17741935483871,320.15
Himachal Pradesh,2023,6,1527.6333333333334,932.89,18.160833333333336,69.58333333333333,170.55
Himachal Pradesh,2023,7,1578.6774193548388,1005.48,19.49516129032258,86.35483870967742,451.0
Himachal Pradesh,2023,8,1612.5806451612902,1055.75,19.39032258064516,87.1774193548387,286.7
Himachal Pradesh,2023,9,1678.2666666666667,1038.05,17.828333333333333,78.0,191.7
Himachal Pradesh,2023,10,1727.9354838709678,1009.98,12.655645161290321,60.25806451612903,176.25
Himachal Pradesh,2023,11,1819.3333333333333,967.9,9.544166666666666,55.06666666666667,41.699999999999996
Himachal Pradesh,2023,12,2038.258064516129,1125.19,7.180645161290323,42.16129032258065,88.35
Himachal Pradesh,2024,1,2069.2903225806454,1142.24,5.187903225806451,49.91935483870968,254.75
Himachal Pradesh,2024,2,2006.896551724138,1030.76,3.6750000000000003,56.327586206896555,273.40000000000003
Himachal Pradesh,2024,3,1741.9354838709678,949.46,8.26774193548387,56.88709677419355,330.95
Himachal Pradesh,2024,4,1655.6,941.02,11.874166666666667,51.733333333333334,267.9
Himachal Pradesh,2024,5,1659.9,1033.92,17.488333333333333,40.31666666666667,100.30000000000001
Himachal Pradesh,2024,6,1780.8,1149.11,20.506666666666668,54.2,156.15
Himachal Pradesh,2024,7,1783.9354838709678,1181.07,20.895967741935483,85.74193548387096,317.0
Himachal Pradesh,2024,8,1638.9354838709678,1072.88,19.914516129032258,86.16129032258064,313.45
Himachal Pradesh,2024,9,1805.1333333333334,1073.71,18.5425,80.53333333333333,221.15
Himachal Pradesh,2024,10,1773.4193548387098,1066.77,14.859677419354838,61.17741935483871,129.2
Himachal Pradesh,2024,11,1883.3333333333333,1017.81,9.789166666666667,58.63333333333333,212.65
Himachal Pradesh,2024,12,2096.137931034483,1108.66,4.131896551724138,48.86206896551724,137.85
Himachal Pradesh,2025,1,2112.6451612903224,1177.89,5.235483870967743,49.45161290322581,137.95000000000002
Himachal Pradesh,2025,2,2071.785714285714,1050.71,4.929464285714286,60.214285714285715,453.1
Himachal Pradesh,2025,3,1828.0,1027.75,8.473387096774195,54.725806451612904,317.9
Himachal Pradesh,2025,4,1673.1333333333334,994.58,13.2,50.43333333333333,176.95
Himachal Pradesh,2025,5,1749.9032258064517,1124.24,15.695967741935483,63.25806451612903,142.75
Himachal Pradesh,2025,6,1789.4333333333334,1150.37,17.891666666666666,73.06666666666666,229.9
Himachal Pradesh,2025,7,1715.0,1134.48,19.59758064516129,86.56451612903226,345.4
Himachal Pradesh,2025,8,1677.258064516129,1079.18,19.483064516129033,89.2258064516129,437.55
Himachal Pradesh,2025,9,1753.5333333333333,1071.32,18.199166666666667,81.95,255.65
Himachal Pradesh,2025,10,1673.3333333333333,199.75,14.283333333333333,75.0,81.85
Jammu And Kashmir,2023,4,2676.9333333333334,1627.52,-4.543333333333334,73.5,157.8
Jammu And Kashmir,2023,5,2750.2580645161293,1708.68,-1.1411290322580645,78.01612903225806,132.35
Jammu And Kashmir,2023,6,2495.133333333333,1556.64,5.009166666666667,77.48333333333333,40.35
Jammu And Kashmir,2023,7,2431.2903225806454,1574.1399999999999,9.115322580645161,81.8225806451613,186.25
Jammu And Kashmir,2023,8,2469.967741935484,1585.48,10.758064516129032,69.64516129032258,24.2
Jammu And Kashmir,2023,9,2443.866666666667,1475.81,8.234166666666667,58.36666666666667,13.75
Jammu And Kashmir,2023,10,2366.9032258064517,1495.55,-0.6967741935483871,65.37096774193549,36.3
Jammu And Kashmir,2023,11,2502.2,1572.24,-4.285,65.31666666666666,27.45
Jammu And Kashmir,2023,12,2785.0,1808.85,-9.375806451612902,60.03225806451613,24.2
Jammu And Kashmir,2024,1,2999.548387096774,1996.28,-10.179032258064517,59.12903225806452,45.5
Jammu And Kashmir,2024,2,2836.4827586206898,1672.46,-14.170689655172414,67.37931034482759,144.4
Jammu And Kashmir,2024,3,2720.7419354838707,1707.43,-7.90241935483871,72.43548387096774,205.05
Jammu And Kashmir,2024,4,2496.233333333333,1511.04,-3.5883333333333334,76.18333333333334,198.1
Jammu And Kashmir,2024,5,2563.0666666666666,1585.65,1.7041666666666666,67.71666666666667,30.4
Jammu And Kashmir,2024,6,2616.9666666666667,1638.25,5.779166666666667,71.38333333333334,32.75
Jammu And Kashmir,2024,7,2608.6129032258063,1643.14,12.266129032258064,61.29032258064516,30.7
Jammu And Kashmir,2024,8,2477.0967741935483,1546.11,11.490322580645161,71.85483870967742,110.9
Jammu And Kashmir,2024,9,2686.4666666666667,1565.43,8.166666666666666,64.11666666666666,53.349999999999994
Jammu And Kashmir,2024,10,2537.9032258064517,1546.1,2.554032258064516,52.983870967741936,22.55
Jammu And Kashmir,2024,11,2694.633333333333,1637.85,-4.6033333333333335,66.16666666666667,61.3
Jammu And Kashmir,2024,12,3021.2413793103447,1822.16,-14.288793103448276,69.25862068965517,84.75
Jammu And Kashmir,2025,1,3106.1935483870966,2075.99,-13.72983870967742,70.69354838709677,87.95
Jammu And Kashmir,2025,2,2941.464285714286,1727.76,-12.969642857142857,76.05357142857143,227.6
Jammu And Kashmir,2025,3,2895.6129032258063,1844.04,-8.980645161290322,72.95161290322581,156.1
Jammu And Kashmir,2025,4,2689.1666666666665,1623.65,-1.4025,70.06666666666666,84.55
Jammu And Kashmir,2025,5,2608.8387096774195,1572.44,3.7298387096774195,69.62903225806451,26.299999999999997
Jammu And Kashmir,2025,6,2698.1,1666.9,9.334166666666667,66.21666666666667,44.5
Jammu And Kashmir,2025,7,2585.8709677419356,1620.51,12.124193548387098,74.12903225806451,98.15
Jammu And Kashmir,2025,8,2432.516129032258,1490.12,10.525806451612903,76.56451612903226,143.95
Jammu And Kashmir,2025,9,2518.5333333333333,1508.82,7.303333333333333,71.51666666666667,60.0
Jammu And Kashmir,2025,10,2550.0,295.45,2.6083333333333334,73.25,24.0
Jharkhand,2023,4,1580.8666666666666,993.93,28.673333333333336,41.56666666666667,23.849999999999998
Jharkhand,2023,5,1673.225806451613,1045.34,30.75241935483871,46.33870967741935,20.9
Jharkhand,2023,6,1761.8666666666666,1095.979,31.89,54.233333333333334,162.8
Jharkhand,2023,7,1713.8387096774193,1149.3700000000001,28.050806451612903,83.45161290322581,185.05
Jharkhand,2023,8,1686.4516129032259,1153.23,27.30564516129032,84.59677419354838,264.75
Jharkhand,2023,9,1677.1333333333334,1065.26,26.915833333333335,88.11666666666666,273.3
Jharkhand,2023,10,1565.6129032258063,983.66,25.116935483870968,73.69354838709677,77.39999999999999
Jharkhand,2023,11,1575.4333333333334,905.66,22.468333333333337,67.98333333333333,7.25
Jharkhand,2023,12,1653.774193548387,922.87,18.345161290322583,73.33870967741936,52.15
Jharkhand,2024,1,1653.2903225806451,970.996,17.46451612903226,70.75806451612904,18.5
Jharkhand,2024,2,1615.3103448275863,886.9200000000001,20.770689655172415,61.327586206896555,31.749999999999996
Jharkhand,2024,3,1688.9354838709678,1089.57,24.62741935483871,55.54838709677419,34.0
Jharkhand,2024,4,1989.0666666666666,1228.59,30.783333333333335,34.31666666666667,1.75
Jharkhand,2024,5,2118.2,1335.75,31.375,52.93333333333333,64.80000000000001
Jharkhand,2024,6,2218.9,1410.29,32.166666666666664,61.3,75.5
Jharkhand,2024,7,2151.4193548387098,1350.29,27.68951612903226,87.12903225806451,376.15000000000003
Jharkhand,2024,8,2004.3225806451612,1259.11,26.635483870967743,89.11290322580645,518.65
Jharkhand,2024,9,2016.0666666666666,1236.53,26.7875,87.5,347.15
Jharkhand,2024,10,2053.3548387096776,1293.228,25.801612903225806,83.7741935483871,129.9
Jharkhand,2024,11,1975.0,1122.77,22.3375,64.45,0.25
Jharkhand,2024,12,1994.6896551724137,1091.3803,19.733620689655172,63.87931034482759,5.65
Jharkhand,2025,1,2074.7419354838707,1207.141,18.918548387096774,59.403225806451616,0.0
Jharkhand,2025,2,2031.7857142857142,1078.21,22.990178571428572,46.642857142857146,16.35
Jharkhand,2025,3,2037.1612903225807,1243.127,26.580645161290324,41.25806451612903,42.95
Jharkhand,2025,4,2041.8,1277.12,29.616666666666667,49.6,34.0
Jharkhand,2025,5,2060.0,1357.228,30.112903225806452,62.45161290322581,79.65
Jharkhand,2025,6,2116.0333333333333,1339.042,28.583333333333332,76.38333333333334,564.05
Jharkhand,2025,7,2043.0,1302.87,27.312903225806455,87.54838709677419,337.1
Jharkhand,2025,8,2115.1935483870966,1338.3,26.929032258064513,87.40322580645162,261.2
Jharkhand,2025,9,2176.6,1344.76,26.852500000000003,87.76666666666667,207.4
Jharkhand,2025,10,1951.1666666666667,238.93,26.120833333333334,89.0,43.5
Karnataka,2023,4,14848.2,8609.52,27.797777777777775,49.06666666666667,23.900000000000002
Karnataka,2023,5,12581.645161290322,7559.09,27.224193548387095,67.31182795698925,86.16666666666666
Karnataka,2023,6,12583.033333333333,7383.38,26.34888888888889,73.86666666666666,73.53333333333333
Karnataka,2023,7,10625.161290322581,6198.3,23.681720430107525,84.1505376344086,199.16666666666666
Karnataka,2023,8,14635.41935483871,7953.88,24.921505376344083,75.08602150537634,45.7
Karnataka,2023,9,12948.8,7179.79,24.62,80.9,126.16666666666667
Karnataka,2023,10,14593.483870967742,8047.93,25.366129032258065,64.86021505376344,52.86666666666667
Karnataka,2023,11,12881.933333333332,7193.56,24.42,71.84444444444445,80.93333333333334
Karnataka,2023,12,13952.709677419354,7892.19,23.42795698924731,67.31182795698925,9.6
Karnataka,2024,1,14712.193548387097,8367.0,23.490860215053765,60.784946236559136,4.833333333333333
Karnataka,2024,2,16020.48275862069,8822.7,25.57758620689655,46.88505747126436,0.2666666666666666
Karnataka,2024,3,16390.322580645163,10014.47,28.322580645161292,41.75268817204301,0.0666666666666666
Karnataka,2024,4,15903.5,9462.38,30.258888888888887,42.94444444444444,5.933333333333333
Karnataka,2024,5,12767.6,7623.58,28.270555555555557,67.24444444444444,121.56666666666666
Karnataka,2024,6,11069.166666666666,6394.27,25.04888888888889,82.03333333333333,170.96666666666667
Karnataka,2024,7,11185.193548387097,6411.05,23.65752688172043,85.08602150537634,256.96666666666664
Karnataka,2024,8,11244.58064516129,6621.91,24.067204301075268,84.68817204301075,216.39999999999998
Karnataka,2024,9,13049.5,6994.54,24.118888888888886,80.9,102.53333333333333
Karnataka,2024,10,10536.483870967742,6399.9,23.75215053763441,83.44086021505376,217.76666666666668
Karnataka,2024,11,12796.366666666667,7053.52,23.156666666666663,71.22222222222221,30.099999999999998
Karnataka,2024,12,13197.103448275862,6861.7,23.000574712643676,75.51724137931035,62.56666666666667
Karnataka,2025,1,16175.032258064517,8802.16,22.559139784946236,61.096774193548384,3.333333333333333
Karnataka,2025,2,17543.60714285714,8944.06,25.192857142857143,42.047619047619044,0.0
Karnataka,2025,3,17412.387096774193,10496.15,27.58225806451613,45.817204301075265,10.5
Karnataka,2025,4,14994.433333333332,8839.880000000001,28.05277777777778,57.84444444444444,27.366666666666667
Karnataka,2025,5,12001.225806451614,7376.79,26.151612903225807,72.54838709677419,171.46666666666667
Karnataka,2025,6,11948.966666666667,6905.27,24.581666666666663,79.62222222222222,118.46666666666667
Karnataka,2025,7,13038.58064516129,7475.65,23.83279569892473,82.65591397849462,197.76666666666668
Karnataka,2025,8,11299.161290322581,6663.38,23.474193548387095,84.9247311827957,232.76666666666665
Karnataka,2025,9,12509.366666666667,7032.29,23.510555555555552,82.97777777777779,184.63333333333333
Karnataka,2025,10,12066.166666666666,1338.78,23.916666666666668,80.6111111111111,23.933333333333334
Kerala,2023,4,4454.366666666667,2740.85,28.379444444444445,80.02222222222221,149.06666666666666
Kerala,2023,5,4481.064516129032,2846.04,28.068279569892475,84.54838709677419,224.63333333333333
Kerala,2023,6,4000.3,2439.25,26.917777777777776,87.34444444444445,317.6333333333333
Kerala,2023,7,3681.032258064516,2307.45,25.97043010752688,88.94623655913979,475.26666666666665
Kerala,2023,8,4075.1935483870966,2584.31,26.931182795698923,85.69892473118279,99.13333333333334
Kerala,2023,9,3850.866666666667,2355.36,25.75722222222222,90.74444444444445,615.7666666666667
Kerala,2023,10,3913.3870967741937,2466.8,26.38978494623656,88.82795698924731,407.2
Kerala,2023,11,4022.266666666667,2415.67,26.72388888888889,87.05555555555556,275.90000000000003
Kerala,2023,12,4088.3225806451615,2546.53,27.008602150537634,82.0752688172043,178.76666666666668
Kerala,2024,1,4098.677419354839,2543.23,27.154838709677417,78.64516129032258,141.63333333333333
Kerala,2024,2,4427.413793103448,2587.01,28.701724137931034,71.81609195402298,15.4
Kerala,2024,3,4941.064516129032,3058.21,28.971505376344087,75.78494623655915,53.166666666666664
Kerala,2024,4,5351.5,3190.77,29.488888888888887,79.44444444444444,146.76666666666668
Kerala,2024,5,4567.8,2761.77,28.072777777777777,86.34444444444445,869.7333333333333
Kerala,2024,6,3997.6,2435.21,26.163333333333334,90.72222222222221,621.9666666666667
Kerala,2024,7,3787.064516129032,2363.43,25.923655913978493,89.97849462365592,525.7333333333333
Kerala,2024,8,3978.3225806451615,2486.62,26.21559139784946,88.70967741935483,301.6666666666667
Kerala,2024,9,4111.066666666667,2471.48,26.348333333333333,87.27777777777779,174.46666666666667
Kerala,2024,10,4144.5161290322585,2559.71,26.23548387096774,88.69892473118279,354.76666666666665
Kerala,2024,11,4242.133333333333,2517.24,26.737777777777776,85.61111111111111,178.86666666666667
Kerala,2024,12,4169.758620689655,2369.56,26.638505747126437,83.0919540229885,123.9
Kerala,2025,1,4279.548387096775,2601.84,27.51774193548387,71.27956989247312,29.833333333333336
Kerala,2025,2,4567.214285714285,2519.21,27.925595238095237,71.41666666666667,10.299999999999999
Kerala,2025,3,4939.387096774193,3018.98,28.31720430107527,79.59139784946237,113.53333333333333
Kerala,2025,4,4775.266666666666,2849.86,27.837222222222223,84.33333333333333,248.1
Kerala,2025,5,4489.645161290323,2765.74,27.404301075268815,86.05376344086021,577.6
Kerala,2025,6,4054.3333333333335,2422.37,26.161111111111108,89.28888888888888,474.9
Kerala,2025,7,3847.7419354838707,2359.89,25.66344086021505,89.73118279569891,448.8
Kerala,2025,8,4017.7096774193546,2475.37,25.67258064516129,89.45161290322581,353.9
Kerala,2025,9,4218.266666666666,2482.53,26.108333333333334,87.63333333333334,209.73333333333335
Kerala,2025,10,4314.333333333333,507.88,27.016666666666666,85.8888888888889,13.9
Madhya Pradesh,2023,4,11726.866666666667,7531.93,28.429444444444446,37.011111111111106,18.03333333333333
Madhya Pradesh,2023,5,11025.193548387097,7418.16,30.765053763440857,39.97849462365591,24.966666666666665
Madhya Pradesh,2023,6,10965.7,7233.7,31.14611111111111,53.67777777777778,127.89999999999999
Madhya Pradesh,2023,7,10874.90322580645,7308.4,27.729032258064517,83.06451612903226,333.4
Madhya Pradesh,2023,8,11641.806451612903,7835.97,26.618817204301074,81.19354838709677,200.36666666666667
Madhya Pradesh,2023,9,11854.0,7540.74,26.81277777777778,81.94444444444444,276.2
Madhya Pradesh,2023,10,13535.290322580646,8976.1,25.798387096774192,53.537634408602145,4.633333333333334
Madhya Pradesh,2023,11,15737.433333333332,9322.8,22.494444444444447,58.577777777777776,28.433333333333334
Madhya Pradesh,2023,12,15149.709677419354,8772.53,18.719354838709677,72.31182795698925,11.4
Madhya Pradesh,2024,1,16547.516129032258,9544.5,17.06935483870968,74.47311827956989,23.266666666666666
Madhya Pradesh,2024,2,15370.51724137931,8590.9,20.54310344827586,58.724137931034484,14.533333333333333
Madhya Pradesh,2024,3,12730.741935483871,7812.68,25.17311827956989,39.1505376344086,3.266666666666667
Madhya Pradesh,2024,4,12325.566666666668,7998.54,30.37722222222222,32.855555555555554,11.366666666666665
Madhya Pradesh,2024,5,13365.8,8740.5,33.916111111111114,29.58888888888889,1.8666666666666663
Madhya Pradesh,2024,6,12094.266666666666,7916.2,32.23277777777778,55.15555555555555,149.16666666666666
Madhya Pradesh,2024,7,11440.483870967742,7676.42,27.513978494623654,84.90322580645162,324.8
Madhya Pradesh,2024,8,10920.0,7221.09,26.254301075268817,86.96774193548387,364.26666666666665
Madhya Pradesh,2024,9,11534.766666666666,7292.53,26.36722222222222,84.65555555555555,256.6333333333333
Madhya Pradesh,2024,10,12441.193548387097,8024.39,26.106989247311827,70.03225806451613,14.866666666666667
Madhya Pradesh,2024,11,16090.4,9411.0,22.42388888888889,53.822222222222216,0.0
Madhya Pradesh,2024,12,17707.241379310344,9509.81,18.847126436781608,58.96551724137931,14.633333333333333
Madhya Pradesh,2025,1,17421.064516129034,10054.8,18.176344086021505,65.76344086021506,1.1666666666666665
Madhya Pradesh,2025,2,17693.464285714286,9699.77,22.558333333333334,43.607142857142854,0.0
Madhya Pradesh,2025,3,14717.129032258064,9054.4,26.968279569892474,28.258064516129032,1.9
Madhya Pradesh,2025,4,13840.8,8847.66,31.97111111111111,23.34444444444444,1.6999999999999997
Madhya Pradesh,2025,5,12579.09677419355,8496.91,31.62096774193548,47.40860215053764,22.599999999999998
Madhya Pradesh,2025,6,11498.3,7360.4,30.13,62.544444444444444,170.1
Madhya Pradesh,2025,7,10995.90322580645,7279.33,26.680645161290318,84.44086021505376,330.43333333333334
Madhya Pradesh,2025,8,11855.225806451614,8005.21,26.649462365591397,84.94623655913979,271.5333333333333
Madhya Pradesh,2025,9,12001.266666666666,7738.3,26.834999999999997,81.54444444444445,196.66666666666666
Madhya Pradesh,2025,10,11378.333333333334,1457.7,26.394444444444446,80.0,14.799999999999999
Maharashtra,2023,4,26552.166666666668,16469.042999999998,29.240555555555556,53.044444444444444,42.43333333333333
Maharashtra,2023,5,26172.1935483871,17649.544,30.613440860215054,58.0752688172043,24.5
Maharashtra,2023,6,26327.666666666668,17511.9,30.22222222222222,65.33333333333333,160.1
Maharashtra,2023,7,22382.354838709678,15309.2,26.53763440860215,85.83870967741936,671.3666666666667
Maharashtra,2023,8,24636.8064516129,16631.49,26.679569892473115,81.17204301075269,131.46666666666667
Maharashtra,2023,9,24255.166666666668,15717.219000000001,26.668333333333333,84.95555555555555,319.06666666666666
Maharashtra,2023,10,26584.322580645163,17997.8,26.943548387096776,65.17204301075269,11.833333333333332
Maharashtra,2023,11,26308.8,16708.5,25.81833333333333,60.63333333333333,22.833333333333332
Maharashtra,2023,12,25430.322580645163,16296.677,23.70806451612903,62.88172043010753,2.8999999999999995
Maharashtra,2024,1,27367.709677419356,17465.7,23.17795698924731,59.795698924731184,6.466666666666666
Maharashtra,2024,2,27997.758620689656,17182.0,25.21206896551724,49.45977011494253,5.933333333333334
Maharashtra,2024,3,27326.645161290322,18795.394,27.859139784946237,43.62365591397849,4.166666666666666
Maharashtra,2024,4,27490.333333333332,18525.607,31.105555555555554,45.95555555555555,10.066666666666666
Maharashtra,2024,5,26933.566666666666,18219.1,31.938333333333333,54.87777777777777,30.53333333333333
Maharashtra,2024,6,24618.1,16626.0,29.259444444444444,75.18888888888888,293.26666666666665
Maharashtra,2024,7,22689.677419354837,15518.234,26.469354838709677,86.86021505376344,749.1666666666666
Maharashtra,2024,8,23215.774193548386,15643.462,26.339247311827958,86.09677419354838,360.5333333333333
Maharashtra,2024,9,23693.733333333334,15418.536,26.24277777777778,84.93333333333334,304.8
Maharashtra,2024,10,24970.0,16871.025,26.818279569892475,79.50537634408602,104.26666666666667
Maharashtra,2024,11,25872.333333333332,16707.6,25.25611111111111,54.93333333333333,0.6333333333333333
Maharashtra,2024,12,27348.896551724138,16426.374,24.291379310344826,58.172413793103445,4.6
Maharashtra,2025,1,28585.387096774193,18396.263,24.529032258064515,50.903225806451616,0.1666666666666666
Maharashtra,2025,2,29169.428571428572,17595.711,27.440476190476186,36.95238095238095,0.0
Maharashtra,2025,3,29126.41935483871,20399.7,30.03870967741935,34.25806451612903,0.0
Maharashtra,2025,4,29262.766666666666,19905.721,31.73611111111111,44.96666666666667,7.033333333333333
Maharashtra,2025,5,25591.322580645163,17681.569,29.688709677419357,66.89247311827957,155.26666666666665
Maharashtra,2025,6,24530.7,16217.78,28.096666666666668,76.26666666666667,370.23333333333335
Maharashtra,2025,7,24581.451612903227,16816.641,26.192473118279572,85.26881720430109,398.6
Maharashtra,2025,8,24250.967741935485,16289.545,26.281182795698925,84.6021505376344,382.8
Maharashtra,2025,9,24253.466666666667,15362.6,26.07388888888889,85.42222222222222,330.23333333333335
Maharashtra,2025,10,23472.333333333332,2924.2,26.352777777777778,83.44444444444444,22.533333333333335
Manipur,2023,4,192.36666666666667,80.98,23.57,56.4,19.0
Manipur,2023,5,171.7741935483871,72.76,24.78548387096774,64.51612903225806,65.9
Manipur,2023,6,166.4,70.79,25.98,78.23333333333333,180.5
Manipur,2023,7,182.80645161290323,80.89,25.69516129032258,82.25806451612904,182.4
Manipur,2023,8,185.67741935483872,81.07,25.17096774193548,85.83870967741936,234.3
Manipur,2023,9,190.56666666666666,80.11,25.115000000000002,83.4,131.7
Manipur,2023,10,194.16129032258064,82.48,22.309677419354838,80.61290322580645,76.7
Manipur,2023,11,195.13333333333333,79.51,18.578333333333333,72.6,55.5
Manipur,2023,12,215.2258064516129,93.74,15.648387096774194,77.87096774193549,57.4
Manipur,2024,1,216.96774193548387,95.58,13.20483870967742,66.3225806451613,0.30000000000000004
Manipur,2024,2,213.68965517241378,86.43,15.33448275862069,69.41379310344827,37.4
Manipur,2024,3,209.83870967741936,94.3,19.161290322580644,64.48387096774194,17.6
Manipur,2024,4,194.5,84.64,24.060000000000002,66.73333333333333,24.4
Manipur,2024,5,190.16666666666666,83.02,25.141666666666666,71.16666666666667,207.0
Manipur,2024,6,204.66666666666666,93.87,25.235,83.86666666666666,265.4
Manipur,2024,7,185.96774193548387,83.04,25.703225806451613,85.74193548387096,436.6
Manipur,2024,8,194.58064516129033,81.67,24.666129032258063,87.12903225806451,317.5
Manipur,2024,9,207.73333333333332,80.77,25.03666666666667,84.4,144.0
Manipur,2024,10,207.51612903225808,83.74,22.412903225806453,85.19354838709677,129.4
Manipur,2024,11,218.73333333333332,78.97,19.19,73.9,39.7
Manipur,2024,12,248.6206896551724,104.52,16.386206896551723,68.58620689655173,1.8
Manipur,2025,1,256.64516129032256,114.28,15.90967741935484,63.61290322580645,7.4
Manipur,2025,2,209.67857142857142,89.14,17.539285714285715,60.535714285714285,12.200000000000001
Manipur,2025,3,192.48387096774192,84.49,20.470967741935485,63.67741935483871,24.3
Manipur,2025,4,205.26666666666668,83.92,24.205,65.13333333333334,20.9
Manipur,2025,5,215.48387096774192,96.94,24.567741935483873,76.2258064516129,254.1
Manipur,2025,6,210.8,88.07,25.296666666666667,82.53333333333333,252.9
Manipur,2025,7,218.7741935483871,101.22,25.212903225806453,87.06451612903226,340.7
Manipur,2025,8,215.06451612903226,94.59,24.64032258064516,87.09677419354838,168.0
Manipur,2025,9,218.93333333333334,92.48,25.488333333333333,80.53333333333333,123.3
Manipur,2025,10,223.33333333333334,17.92,24.725000000000005,83.0,25.8
Meghalaya,2023,4,310.06666666666666,156.44,17.026666666666667,74.06666666666666,70.1
Meghalaya,2023,5,314.0,154.63,18.401612903225807,82.12903225806451,111.10000000000001
Meghalaya,2023,6,314.1666666666667,144.34,20.048333333333336,91.4,488.4
Meghalaya,2023,7,320.19354838709677,162.32,20.583870967741937,92.58064516129032,260.9
Meghalaya,2023,8,307.4193548387097,165.56,20.44677419354839,92.90322580645162,243.7
Meghalaya,2023,9,311.1333333333333,165.52,20.461666666666666,89.33333333333333,160.7
Meghalaya,2023,10,317.35483870967744,176.17,17.301612903225806,87.96774193548387,257.29999999999995
Meghalaya,2023,11,337.43333333333334,187.02,14.568333333333333,80.2,13.1
Meghalaya,2023,12,344.741935483871,199.16,11.850000000000001,80.7741935483871,29.6
Meghalaya,2024,1,345.03225806451616,198.44,8.996774193548386,79.51612903225806,2.5
Meghalaya,2024,2,355.41379310344826,189.26,10.39310344827586,78.6896551724138,41.7
Meghalaya,2024,3,343.93548387096774,185.94,13.614516129032259,74.96774193548387,46.2
Meghalaya,2024,4,333.5,166.35,18.753333333333334,75.06666666666666,45.3
Meghalaya,2024,5,298.1,155.93,19.28166666666667,85.03333333333333,259.7
Meghalaya,2024,6,318.3,168.32,20.418333333333333,93.43333333333334,408.9
Meghalaya,2024,7,314.19354838709677,175.38,21.2241935483871,92.38709677419355,407.0
Meghalaya,2024,8,312.7741935483871,175.83,20.309677419354838,92.6774193548387,370.0
Meghalaya,2024,9,272.1333333333333,138.89,20.753333333333334,88.56666666666666,169.5
Meghalaya,2024,10,302.2903225806452,157.65,17.72741935483871,89.70967741935483,225.2
Meghalaya,2024,11,356.9,187.0,14.203333333333335,81.0,6.9
Meghalaya,2024,12,366.2758620689655,188.89,11.12758620689655,72.27586206896552,0.1
Meghalaya,2025,1,373.9032258064516,205.33,11.33548387096774,78.16129032258064,10.6
Meghalaya,2025,2,330.17857142857144,157.86,11.676785714285714,75.39285714285714,3.3
Meghalaya,2025,3,331.19354838709677,173.48,15.23225806451613,70.12903225806451,27.5
Meghalaya,2025,4,328.4,165.71,17.881666666666668,81.43333333333334,131.0
Meghalaya,2025,5,321.5483870967742,169.8,19.10483870967742,88.80645161290323,372.3
Meghalaya,2025,6,325.3333333333333,165.14,20.628333333333334,90.13333333333334,236.2
Meghalaya,2025,7,320.48387096774195,169.38,21.09193548387097,91.41935483870968,260.7
Meghalaya,2025,8,341.80645161290323,183.34,20.351612903225806,92.96774193548387,217.3
Meghalaya,2025,9,327.8333333333333,172.18,20.608333333333334,90.0,175.79999999999998
Meghalaya,2025,10,293.8333333333333,31.009999999999998,18.925,92.16666666666667,25.3
Mizoram,2023,4,116.56666666666666,55.35,25.236666666666668,59.96666666666667,52.8
Mizoram,2023,5,111.58064516129032,55.26,25.94516129032258,69.29032258064517,143.0
Mizoram,2023,6,109.73333333333333,52.730000000000004,26.288333333333334,85.1,242.2
Mizoram,2023,7,110.6774193548387,56.03,26.353225806451615,88.74193548387096,322.4
Mizoram,2023,8,115.58064516129032,57.51,25.103225806451615,92.25806451612904,405.9
Mizoram,2023,9,114.46666666666667,54.61,25.845000000000002,91.0,349.8
Mizoram,2023,10,121.7741935483871,57.4,23.503225806451614,84.74193548387096,157.2
Mizoram,2023,11,129.03333333333333,55.17,21.078333333333333,81.6,120.39999999999999
Mizoram,2023,12,133.4516129032258,61.93,18.440322580645162,82.45161290322581,75.5
Mizoram,2024,1,146.90322580645162,68.92999999999999,15.306451612903226,71.54838709677419,8.0
Mizoram,2024,2,139.06896551724137,62.83,18.387931034482758,66.65517241379311,22.0
Mizoram,2024,3,123.12903225806451,60.99,21.491935483870968,61.41935483870968,20.400000000000002
Mizoram,2024,4,118.86666666666666,56.089999999999996,25.885,69.23333333333333,74.9
Mizoram,2024,5,113.43333333333334,55.47,26.336666666666666,78.53333333333333,219.9
Mizoram,2024,6,109.53333333333333,55.04,26.19333333333333,88.03333333333333,232.9
Mizoram,2024,7,117.38709677419355,60.28,25.891935483870967,91.58064516129032,520.4
Mizoram,2024,8,117.83870967741936,56.44,24.864516129032257,93.41935483870968,477.7
Mizoram,2024,9,118.4,63.76,25.861666666666668,91.6,305.4
Mizoram,2024,10,120.06451612903226,58.46,24.296774193548387,86.87096774193549,133.6
Mizoram,2024,11,131.5,58.75,21.208333333333332,80.73333333333333,40.3
Mizoram,2024,12,140.3448275862069,64.76,18.71896551724138,76.55172413793103,7.4
Mizoram,2025,1,150.29032258064515,69.91,17.129032258064516,73.09677419354838,3.0
Mizoram,2025,2,142.03571428571428,61.51,19.014285714285712,62.5,6.3
Mizoram,2025,3,131.19354838709677,65.08,22.52741935483871,61.16129032258065,7.1000000000000005
Mizoram,2025,4,125.63333333333334,60.99,24.808333333333334,72.8,49.1
Mizoram,2025,5,121.64516129032258,60.22,25.66774193548387,83.03225806451613,329.9
Mizoram,2025,6,121.26666666666667,60.61,25.790000000000003,89.23333333333333,337.2
Mizoram,2025,7,126.90322580645162,66.59,25.66774193548387,91.3225806451613,427.4
Mizoram,2025,8,125.03225806451613,63.01,25.427419354838708,90.6774193548387,283.7
Mizoram,2025,9,129.76666666666668,62.11,25.901666666666664,90.73333333333333,259.5
Mizoram,2025,10,129.16666666666666,11.68,24.900000000000002,89.66666666666667,39.8
Nagaland,2023,4,129.06666666666666,63.99,19.735,63.1,53.7
Nagaland,2023,5,146.6451612903226,75.51,20.567741935483873,72.25806451612904,138.6
Nagaland,2023,6,153.96666666666667,81.01,22.203333333333333,82.0,323.8
Nagaland,2023,7,156.41935483870967,87.04,22.798387096774192,84.87096774193549,321.0
Nagaland,2023,8,161.16129032258064,89.14,22.456451612903226,86.16129032258064,450.5
Nagaland,2023,9,166.96666666666667,87.13,22.37,84.36666666666666,278.1
Nagaland,2023,10,152.25806451612902,81.59,19.296774193548387,82.87096774193549,166.2
Nagaland,2023,11,145.26666666666668,68.57,16.465,76.86666666666666,53.0
Nagaland,2023,12,150.0,74.22,13.708064516129031,77.41935483870968,56.5
Nagaland,2024,1,145.1290322580645,70.65,11.088709677419354,75.0,21.8
Nagaland,2024,2,147.17241379310346,68.81,12.724137931034482,71.3103448275862,44.9
Nagaland,2024,3,142.83870967741936,70.75,16.701612903225808,65.03225806451613,75.1
Nagaland,2024,4,147.1,66.89,20.62,63.43333333333333,132.8
Nagaland,2024,5,154.46666666666667,77.59,21.061666666666667,76.56666666666666,228.4
Nagaland,2024,6,161.5,85.92,22.46833333333333,83.33333333333333,377.1
Nagaland,2024,7,168.58064516129033,94.49,23.08225806451613,87.0,599.4
Nagaland,2024,8,170.51612903225808,93.42,22.174193548387095,87.6774193548387,447.9
Nagaland,2024,9,168.66666666666666,90.84,22.63,84.33333333333333,260.8
Nagaland,2024,10,161.58064516129033,81.72,19.358064516129033,84.64516129032258,219.8
Nagaland,2024,11,159.9,71.96,15.953333333333335,78.5,23.400000000000002
Nagaland,2024,12,165.79310344827587,73.43,12.937931034482759,73.37931034482759,5.9
Nagaland,2025,1,157.80645161290323,74.46000000000001,13.066129032258065,73.48387096774194,10.2
Nagaland,2025,2,158.78571428571428,69.24,13.705357142857142,66.78571428571429,21.400000000000002
Nagaland,2025,3,153.80645161290323,79.68,17.406451612903226,62.70967741935484,69.2
Nagaland,2025,4,156.56666666666666,75.52,20.058333333333334,68.5,75.1
Nagaland,2025,5,154.48387096774192,82.32,20.238709677419354,84.51612903225806,370.7
Nagaland,2025,6,168.03333333333333,89.25,22.136666666666667,86.4,345.1
Nagaland,2025,7,183.6451612903226,100.27,22.451612903225808,88.2258064516129,320.3
Nagaland,2025,8,172.25806451612902,94.55,21.94193548387097,89.3225806451613,342.6
Nagaland,2025,9,174.86666666666667,92.0,21.666666666666668,89.4,283.4
Nagaland,2025,10,164.66666666666666,17.37,20.683333333333334,87.83333333333333,26.200000000000003
Odisha,2023,4,6202.166666666667,3693.04,30.486666666666668,54.13333333333333,35.75
Odisha,2023,5,6102.870967741936,3729.44,32.18064516129032,58.25806451612903,42.6
Odisha,2023,6,5965.5,3631.474,32.314166666666665,64.83333333333333,234.65
Odisha,2023,7,6403.290322580645,3853.4700000000003,28.95967741935484,84.20967741935483,363.7
Odisha,2023,8,5801.354838709677,3624.64,28.653225806451612,82.95161290322581,330.55
Odisha,2023,9,5374.6,3555.83,28.03083333333333,88.15,454.25
Odisha,2023,10,5176.096774193548,3535.5299999999997,27.184677419354838,75.24193548387096,122.64999999999999
Odisha,2023,11,4799.9,3010.15,25.190833333333334,70.03333333333333,21.2
Odisha,2023,12,4682.677419354839,2960.69,21.01451612903226,74.04838709677419,38.65
Odisha,2024,1,4696.548387096775,2924.93,21.175806451612903,73.35483870967742,21.15
Odisha,2024,2,4956.103448275862,3029.82,24.87155172413793,66.10344827586206,16.6
Odisha,2024,3,5696.548387096775,3813.26,27.89032258064516,64.1774193548387,60.0
Odisha,2024,4,6147.9,3910.12,31.25166666666667,55.63333333333333,26.4
Odisha,2024,5,6396.666666666667,3935.32,32.784166666666664,60.53333333333333,35.95
Odisha,2024,6,6319.2,3951.2,32.156666666666666,70.3,185.85000000000002
Odisha,2024,7,5640.677419354839,3641.14,28.650806451612905,85.25806451612904,364.3
Odisha,2024,8,5574.387096774193,3568.63,27.625806451612902,88.33870967741936,619.7
Odisha,2024,9,5698.0,3570.37,28.109166666666667,85.78333333333333,303.25
Odisha,2024,10,5948.677419354839,3860.19,27.763709677419357,80.95161290322581,130.95
Odisha,2024,11,5152.8,3046.75,24.078333333333333,70.56666666666666,24.35
Odisha,2024,12,4785.482758620689,2691.6272,22.150862068965516,74.55172413793103,54.65
Odisha,2025,1,5187.935483870968,3132.163,21.04032258064516,71.12903225806451,0.3
Odisha,2025,2,5234.214285714285,2956.08,25.583035714285717,64.0,2.1500000000000004
Odisha,2025,3,5565.741935483871,3586.572,28.39274193548387,56.46774193548387,37.599999999999994
Odisha,2025,4,5947.833333333333,3637.61,31.194166666666668,59.083333333333336,16.55
Odisha,2025,5,6314.387096774193,3999.99,31.010483870967743,68.7741935483871,127.5
Odisha,2025,6,6167.866666666667,3850.092,29.608333333333334,77.48333333333333,262.0
Odisha,2025,7,6044.967741935484,4012.13,28.260483870967743,86.04838709677419,534.25
Odisha,2025,8,6412.677419354839,4123.9400000000005,28.174193548387095,85.66129032258064,300.5
Odisha,2025,9,6245.466666666666,3808.7599999999998,27.825,88.98333333333333,359.9
Odisha,2025,10,5962.833333333333,698.85,27.45,89.25,81.0
Other,2023,4,5616.0,3571.1605746,0.0,0.0,0.0
Other,2023,5,5616.0,3690.19926042,0.0,0.0,0.0
Other,2023,6,5616.0,3571.1605746,0.0,0.0,0.0
Other,2023,7,5616.0,3690.19926042,0.0,0.0,0.0
Other,2023,8,5616.0,3690.19926042,0.0,0.0,0.0
Other,2023,9,5616.0,3571.1605746,0.0,0.0,0.0
Other,2023,10,5616.0,3690.19926042,0.0,0.0,0.0
Other,2023,11,5616.0,3571.1605746,0.0,0.0,0.0
Other,2023,12,5616.0,3690.19926042,0.0,0.0,0.0
Other,2024,1,5616.0,3690.19926042,0.0,0.0,0.0
Other,2024,2,5616.0,3452.12188878,0.0,0.0,0.0
Other,2024,3,5616.0,3690.19926042,0.0,0.0,0.0
Other,2024,4,5616.0,3571.1605746,0.0,0.0,0.0
Other,2024,5,5616.0,3571.1605746,0.0,0.0,0.0
Other,2024,6,5616.0,3571.1605746,0.0,0.0,0.0
Other,2024,7,5616.0,3690.19926042,0.0,0.0,0.0
Other,2024,8,5616.0,3690.19926042,0.0,0.0,0.0
Other,2024,9,5616.0,3571.1605746,0.0,0.0,0.0
Other,2024,10,5616.0,3690.19926042,0.0,0.0,0.0
Other,2024,11,5616.0,3571.1605746,0.0,0.0,0.0
Other,2024,12,5616.0,3452.12188878,0.0,0.0,0.0
Other,2025,1,5616.0,3690.19926042,0.0,0.0,0.0
Other,2025,2,5616.0,3333.08320296,0.0,0.0,0.0
Other,2025,3,1103.741935483871,740.7934291,0.0,0.0,0.0
Other,2025,4,236.0,168.0,0.0,0.0,0.0
Other,2025,5,236.0,173.6,0.0,0.0,0.0
Other,2025,6,236.0,168.0,0.0,0.0,0.0
Other,2025,7,236.0,173.6,0.0,0.0,0.0
Other,2025,8,236.0,173.6,0.0,0.0,0.0
Other,2025,9,236.0,168.0,0.0,0.0,0.0
Other,2025,10,236.0,33.599999999999994,0.0,0.0,0.0
Puducherry,2023,4,432.1666666666667,294.83,28.836666666666666,76.93333333333334,23.9
Puducherry,2023,5,456.0967741935484,315.87,30.5258064516129,75.16129032258064,76.6
Puducherry,2023,6,466.0,311.35,30.92666666666667,69.93333333333334,142.9
Puducherry,2023,7,442.16129032258067,304.1,30.179032258064513,69.09677419354838,86.60000000000001
Puducherry,2023,8,448.2903225806452,310.83,30.391935483870967,71.61290322580645,97.1
Puducherry,2023,9,435.3333333333333,293.88,29.285000000000004,76.73333333333333,86.6
Puducherry,2023,10,436.83870967741933,306.87,27.958064516129035,79.83870967741936,136.8
Puducherry,2023,11,397.93333333333334,256.06,26.05166666666667,86.46666666666667,411.7
Puducherry,2023,12,387.7096774193548,262.84999999999997,25.870967741935484,82.06451612903226,107.0
Puducherry,2024,1,382.3225806451613,256.01,25.65483870967742,78.06451612903226,83.7
Puducherry,2024,2,416.2413793103448,269.3,26.903448275862072,77.06896551724138,8.3
Puducherry,2024,3,424.4193548387097,300.09,27.950000000000003,76.35483870967742,8.0
Puducherry,2024,4,479.23333333333335,320.45,30.003333333333334,78.06666666666666,13.4
Puducherry,2024,5,479.56666666666666,321.39,30.266666666666666,77.9,229.5
Puducherry,2024,6,470.9,310.48,30.446666666666665,72.8,115.89999999999999
Puducherry,2024,7,461.7741935483871,317.66,30.02741935483871,69.61290322580645,52.8
Puducherry,2024,8,464.35483870967744,316.62,29.15967741935484,76.58064516129032,146.7
Puducherry,2024,9,475.03333333333336,314.73,30.216666666666665,71.36666666666666,88.9
Puducherry,2024,10,433.5483870967742,299.9,27.77741935483871,82.3225806451613,277.8
Puducherry,2024,11,415.5,272.79,26.223333333333336,81.53333333333333,360.5
Puducherry,2024,12,386.2413793103448,243.43,26.013793103448275,83.48275862068965,288.2
Puducherry,2025,1,378.1290322580645,257.84,25.141935483870967,75.61290322580645,34.9
Puducherry,2025,2,411.07142857142856,253.24,26.321428571428573,75.03571428571429,8.2
Puducherry,2025,3,443.3225806451613,307.92,27.985483870967744,76.87096774193549,37.0
Puducherry,2025,4,494.6333333333333,320.23,29.821666666666665,74.93333333333334,25.1
Puducherry,2025,5,495.2903225806452,317.05,30.461290322580645,72.93548387096774,124.6
Puducherry,2025,6,496.3333333333333,319.65,30.875,65.9,30.6
Puducherry,2025,7,499.06451612903226,333.55,31.10967741935484,62.70967741935484,62.2
Puducherry,2025,8,448.2258064516129,304.14,28.633870967741935,78.51612903225806,157.5
Puducherry,2025,9,452.1666666666667,295.69,28.855,76.9,125.5
Puducherry,2025,10,425.0,54.769999999999996,28.983333333333334,75.66666666666667,32.5
Punjab,2023,4,6828.666666666667,4271.26,24.543333333333337,47.36666666666667,26.35
Punjab,2023,5,8281.935483870968,5278.46,27.174193548387095,49.096774193548384,72.3
Punjab,2023,6,11249.333333333334,7077.46,29.965833333333332,62.016666666666666,75.7
Punjab,2023,7,12642.774193548386,8332.42,28.931451612903224,80.90322580645162,237.1
Punjab,2023,8,14350.0,9718.98,29.041129032258063,81.01612903225806,157.9
Punjab,2023,9,12608.966666666667,8135.14,28.489166666666666,74.95,65.25
Punjab,2023,10,8716.129032258064,5390.66,24.056451612903224,63.983870967741936,28.05
Punjab,2023,11,6660.233333333334,3924.83,19.578333333333333,70.53333333333333,22.550000000000004
Punjab,2023,12,7478.1612903225805,4402.31,14.608870967741936,74.38709677419355,0.15
Punjab,2024,1,8561.516129032258,4941.5,10.509677419354839,86.33870967741936,2.35
Punjab,2024,2,8430.51724137931,4518.01,14.525,66.55172413793103,32.7
Punjab,2024,3,7804.193548387097,4698.32,19.936290322580643,57.04838709677419,52.5
Punjab,2024,4,7927.7,4612.1,25.545,40.75,18.65
Punjab,2024,5,11671.333333333334,6954.71,31.840833333333332,29.15,10.7
Punjab,2024,6,14333.433333333332,8795.63,33.96333333333333,37.083333333333336,16.95
Punjab,2024,7,15125.870967741936,10399.09,30.82741935483871,72.98387096774194,147.65
Punjab,2024,8,13915.193548387097,9290.87,28.95725806451613,80.56451612903226,151.05
Punjab,2024,9,13645.9,8618.68,28.184166666666666,76.7,46.85
Punjab,2024,10,9867.193548387097,6337.6,26.338709677419356,59.29032258064516,1.65
Punjab,2024,11,7380.933333333333,4308.19,20.515833333333333,68.33333333333333,0.1
Punjab,2024,12,8746.551724137931,4511.79,13.661206896551725,68.29310344827586,34.7
Punjab,2025,1,8336.032258064517,4758.61,13.23709677419355,78.25806451612904,6.45
Punjab,2025,2,8504.42857142857,4324.12,16.633035714285715,63.17857142857143,57.5
Punjab,2025,3,8332.90322580645,4931.08,20.825806451612905,53.58064516129032,14.5
Punjab,2025,4,8946.9,5266.43,28.784166666666668,32.85,4.1
Punjab,2025,5,10648.967741935483,6650.93,30.235483870967744,47.82258064516129,52.85
Punjab,2025,6,14646.133333333333,9211.11,31.393333333333334,57.4,152.4
Punjab,2025,7,15029.935483870968,9665.41,29.138709677419353,80.6774193548387,145.4
Punjab,2025,8,13022.677419354839,8421.65,28.23225806451613,84.66129032258064,289.0
Punjab,2025,9,11788.433333333332,7575.04,27.751666666666665,79.56666666666666,171.85
Punjab,2025,10,10711.333333333334,1339.3,26.387500000000003,72.25,37.1
Rajasthan,2023,4,12231.233333333334,7295.47,27.866111111111113,31.12222222222222,9.066666666666666
Rajasthan,2023,5,13253.741935483871,8188.74,30.598924731182795,39.107526881720425,40.733333333333334
Rajasthan,2023,6,12869.0,8133.03,30.282777777777778,61.81111111111111,192.66666666666669
Rajasthan,2023,7,12377.90322580645,8351.06,29.161290322580644,79.40860215053763,221.76666666666665
Rajasthan,2023,8,15448.774193548386,10172.6,28.731182795698924,70.6774193548387,19.966666666666665
Rajasthan,2023,9,14306.833333333334,9284.9,29.016111111111112,66.34444444444445,78.13333333333334
Rajasthan,2023,10,14321.677419354839,9129.24,26.542473118279567,45.40860215053763,0.8333333333333333
Rajasthan,2023,11,15071.233333333334,8758.94,21.574444444444445,53.58888888888888,10.1
Rajasthan,2023,12,16238.161290322581,9339.36,17.11182795698925,64.63440860215053,2.8666666666666667
Rajasthan,2024,1,17260.58064516129,10064.34,14.906451612903224,69.47311827956989,0.0666666666666666
Rajasthan,2024,2,16803.068965517243,9157.19,18.348275862068967,50.35632183908046,8.266666666666667
Rajasthan,2024,3,14989.838709677419,8937.23,23.732795698924733,33.88172043010753,4.866666666666667
Rajasthan,2024,4,13177.6,8136.73,29.436666666666667,25.233333333333334,1.1333333333333329
Rajasthan,2024,5,15668.066666666668,9911.48,34.837777777777774,19.7,0.2666666666666666
Rajasthan,2024,6,16258.533333333333,10345.39,33.98,44.3,95.46666666666667
Rajasthan,2024,7,14425.870967741936,9629.62,30.075806451612905,75.6236559139785,183.16666666666669
Rajasthan,2024,8,11399.516129032258,7789.59,27.331720430107527,83.70967741935483,316.9
Rajasthan,2024,9,13417.6,8880.13,27.488888888888887,77.67777777777778,119.43333333333334
Rajasthan,2024,10,15016.064516129032,9844.78,27.373655913978496,53.39784946236559,4.2
Rajasthan,2024,11,16578.5,9605.96,22.34611111111111,48.544444444444444,0.0
Rajasthan,2024,12,17468.172413793105,9386.28,16.369540229885057,59.22988505747126,17.966666666666665
Rajasthan,2025,1,17753.677419354837,10113.97,16.04731182795699,64.89247311827957,5.933333333333334
Rajasthan,2025,2,18139.035714285714,9649.09,20.348214285714285,46.75,4.333333333333333
Rajasthan,2025,3,15391.161290322581,9276.8,25.125806451612902,28.526881720430104,0.29999999999999993
Rajasthan,2025,4,14179.333333333334,8841.04,31.855,18.233333333333334,0.0999999999999999
Rajasthan,2025,5,15023.161290322581,9733.59,32.82365591397849,36.956989247311824,13.966666666666667
Rajasthan,2025,6,14642.8,9496.23,31.865555555555556,55.4,109.43333333333334
Rajasthan,2025,7,12705.90322580645,8563.1,28.736021505376343,77.78494623655915,298.76666666666665
Rajasthan,2025,8,14377.258064516129,9900.78,28.333333333333336,76.95698924731182,191.36666666666667
Rajasthan,2025,9,13583.3,8975.6,27.78388888888889,71.93333333333334,90.53333333333333
Rajasthan,2025,10,12917.5,1720.26,26.66944444444444,78.11111111111111,31.666666666666664
Sikkim,2023,4,92.7,44.13,20.9,79.0,548.9
Sikkim,2023,5,90.87096774193549,45.35,22.15967741935484,79.16129032258064,740.1
Sikkim,2023,6,87.93333333333334,42.339999999999996,25.446666666666665,84.23333333333333,1071.5
Sikkim,2023,7,79.87096774193549,37.12,26.08709677419355,88.58064516129032,1307.0
Sikkim,2023,8,78.19354838709677,35.0,26.041935483870965,89.6774193548387,679.5
Sikkim,2023,9,84.0,37.43,25.4,80.5,165.8
Sikkim,2023,10,71.19354838709677,31.0,21.81451612903226,75.29032258064517,223.6
Sikkim,2023,11,87.13333333333334,38.980000000000004,18.665000000000003,66.43333333333334,86.0
Sikkim,2023,12,102.80645161290323,52.13,15.53225806451613,65.09677419354838,105.9
Sikkim,2024,1,117.51612903225806,58.879999999999995,12.359677419354838,74.19354838709677,241.5
Sikkim,2024,2,117.03448275862068,56.269999999999996,12.848275862068967,71.86206896551724,414.90000000000003
Sikkim,2024,3,103.12903225806451,52.5,17.067741935483873,75.80645161290323,505.3
Sikkim,2024,4,92.26666666666667,46.64,21.505,70.7,250.1
Sikkim,2024,5,89.1,42.83,23.413333333333334,74.53333333333333,284.6
Sikkim,2024,6,82.93333333333334,39.89,25.853333333333335,87.13333333333334,978.1
Sikkim,2024,7,79.90322580645162,39.0,26.733870967741936,89.0,782.6
Sikkim,2024,8,77.25806451612904,36.54,26.15806451612903,83.35483870967742,237.6
Sikkim,2024,9,83.5,37.96,25.64333333333333,79.23333333333333,250.0
Sikkim,2024,10,82.12903225806451,37.48,22.57903225806452,78.58064516129032,289.8
Sikkim,2024,11,94.53333333333333,43.91,18.668333333333333,69.9,114.6
Sikkim,2024,12,113.27586206896552,51.04,15.260344827586207,64.13793103448276,141.0
Sikkim,2025,1,117.45161290322581,57.63,14.980645161290322,59.645161290322584,104.7
Sikkim,2025,2,117.96428571428571,54.45,14.964285714285714,79.14285714285714,643.7
Sikkim,2025,3,99.93548387096774,49.78,18.414516129032258,75.16129032258064,520.9
Sikkim,2025,4,91.46666666666667,46.03,22.05,69.9,214.5
Sikkim,2025,5,81.70967741935483,39.72,24.10483870967742,81.29032258064517,951.5
Sikkim,2025,6,86.03333333333333,39.69,26.03166666666667,82.86666666666666,634.4
Sikkim,2025,7,78.16129032258064,39.11,26.774193548387096,86.12903225806451,334.5
Sikkim,2025,8,77.96774193548387,36.51,26.348387096774193,88.2258064516129,540.9
Sikkim,2025,9,76.0,33.6,26.008333333333333,83.9,382.40000000000003
Sikkim,2025,10,56.0,4.7,24.525000000000002,83.0,122.5
Tamil Nadu,2023,4,17803.233333333334,11325.69,30.25111111111111,64.43333333333334,55.13333333333333
Tamil Nadu,2023,5,16436.1935483871,10896.789999999999,30.04784946236559,72.35483870967742,112.73333333333333
Tamil Nadu,2023,6,17201.633333333335,11064.67,30.851666666666667,64.82222222222222,46.13333333333333
Tamil Nadu,2023,7,16359.58064516129,10906.91,28.77741935483871,71.1505376344086,160.26666666666665
Tamil Nadu,2023,8,16889.290322580644,11346.01,30.062903225806448,67.44086021505376,131.13333333333333
Tamil Nadu,2023,9,15963.833333333334,10186.81,28.31833333333333,76.48888888888888,144.7
Tamil Nadu,2023,10,16071.90322580645,10617.07,27.703225806451613,77.09677419354838,172.36666666666667
Tamil Nadu,2023,11,14470.7,8762.24,26.003333333333334,82.35555555555555,314.96666666666664
Tamil Nadu,2023,12,14767.58064516129,9277.65,25.706451612903226,77.29032258064517,167.96666666666667
Tamil Nadu,2024,1,15155.41935483871,9629.73,25.71021505376344,72.17204301075269,60.46666666666667
Tamil Nadu,2024,2,17092.172413793105,10418.65,27.938505747126438,64.01149425287356,3.866666666666666
Tamil Nadu,2024,3,18417.967741935485,12170.73,29.61989247311828,59.36559139784946,2.8999999999999995
Tamil Nadu,2024,4,19481.866666666665,12648.5,31.705555555555556,61.03333333333333,11.233333333333333
Tamil Nadu,2024,5,17822.533333333333,11418.66,30.284444444444443,73.7,219.5
Tamil Nadu,2024,6,16842.7,10784.2,29.105555555555554,73.94444444444444,145.73333333333332
Tamil Nadu,2024,7,16667.387096774193,11134.51,28.744086021505375,71.54838709677419,100.96666666666667
Tamil Nadu,2024,8,16469.290322580644,10954.210000000001,28.23279569892473,76.91397849462366,154.73333333333332
Tamil Nadu,2024,9,17419.0,11243.41,29.505555555555553,67.83333333333333,78.6
Tamil Nadu,2024,10,15726.161290322581,10240.93,27.013440860215052,82.20430107526882,261.0
Tamil Nadu,2024,11,15256.7,9398.18,25.955555555555556,79.48888888888888,259.3
Tamil Nadu,2024,12,15025.379310344828,8801.26,25.874137931034483,78.85057471264368,156.73333333333335
Tamil Nadu,2025,1,15464.838709677419,9717.04,25.22258064516129,71.0752688172043,41.83333333333333
Tamil Nadu,2025,2,17451.285714285714,10171.35,27.167261904761904,61.714285714285715,7.866666666666666
Tamil Nadu,2025,3,18058.612903225807,11863.75,28.858602150537635,65.87096774193549,64.63333333333333
Tamil Nadu,2025,4,18354.566666666666,11891.76,30.494444444444444,65.3,45.233333333333334
Tamil Nadu,2025,5,17196.612903225807,11331.71,30.10322580645161,68.04301075268818,97.03333333333333
Tamil Nadu,2025,6,18009.6,11513.73,29.695555555555554,67.02222222222223,53.13333333333333
Tamil Nadu,2025,7,18213.645161290322,12381.52,29.216129032258063,66.74193548387096,77.33333333333333
Tamil Nadu,2025,8,17059.548387096773,11270.51,28.425268817204298,72.53763440860214,149.06666666666666
Tamil Nadu,2025,9,17162.866666666665,10942.789999999999,28.70388888888889,71.75555555555555,156.9
Tamil Nadu,2025,10,16092.5,2050.83,28.79444444444444,73.0,32.83333333333333
Telangana,2023,4,12551.066666666668,7362.88,29.1675,50.93333333333333,114.85
Telangana,2023,5,8807.935483870968,5690.64,30.155645161290323,53.403225806451616,75.25
Telangana,2023,6,10059.266666666666,6074.78,31.160833333333336,53.96666666666667,53.35
Telangana,2023,7,10527.225806451614,6488.9,26.956451612903226,78.25806451612904,416.7
Telangana,2023,8,12825.064516129032,7889.71,27.302419354838708,73.14516129032258,37.3
Telangana,2023,9,12075.2,6926.86,26.685,80.9,245.5
Telangana,2023,10,13306.58064516129,8299.52,26.42258064516129,60.66129032258065,22.700000000000003
Telangana,2023,11,10157.466666666667,6219.51,25.15083333333333,70.71666666666667,50.25
Telangana,2023,12,11244.09677419355,6526.07,22.55322580645161,65.75806451612904,7.1
Telangana,2024,1,13335.58064516129,7641.33,23.756451612903227,63.306451612903224,2.25
Telangana,2024,2,14444.51724137931,7968.0599999999995,26.38362068965517,51.827586206896555,1.25
Telangana,2024,3,14083.129032258064,9008.84,29.144354838709678,45.79032258064516,10.65
Telangana,2024,4,11747.666666666666,7298.14,31.425833333333333,41.86666666666667,7.5
Telangana,2024,5,9599.333333333334,5986.38,31.26,55.61666666666667,87.65
Telangana,2024,6,9763.333333333334,6085.42,28.48916666666667,73.86666666666666,274.9
Telangana,2024,7,11299.774193548386,6949.39,26.385483870967743,81.2741935483871,330.0
Telangana,2024,8,13256.548387096775,8248.15,26.43064516129032,82.01612903225806,264.75
Telangana,2024,9,11859.7,7080.16,25.9825,80.81666666666666,174.45
Telangana,2024,10,11705.677419354839,7250.1900000000005,26.195967741935487,78.95161290322581,96.85
Telangana,2024,11,10195.2,6027.1900000000005,24.034166666666668,61.55,10.75
Telangana,2024,12,12559.51724137931,6954.33,23.518103448275863,70.58620689655173,30.2
Telangana,2025,1,14429.806451612903,8272.42,23.017741935483873,59.08064516129032,0.0
Telangana,2025,2,15837.142857142857,8507.01,26.516964285714288,47.42857142857143,0.25
Telangana,2025,3,16221.129032258064,9950.7,28.74516129032258,42.403225806451616,0.5
Telangana,2025,4,12320.9,7470.07,30.385833333333334,49.21666666666667,28.1
Telangana,2025,5,9582.774193548386,6193.26,29.87258064516129,58.74193548387097,71.10000000000001
Telangana,2025,6,10350.266666666666,6395.34,28.630833333333335,65.75,81.5
Telangana,2025,7,12951.677419354839,7658.2300000000005,26.921774193548387,75.83870967741936,155.5
Telangana,2025,8,12748.967741935483,7542.46,26.131451612903227,80.51612903225806,229.4
Telangana,2025,9,12330.766666666666,7165.93,25.92666666666667,82.1,174.95
Telangana,2025,10,11584.333333333334,1301.67,26.379166666666666,78.33333333333333,14.1
Tripura,2023,4,286.8333333333333,159.79000000000002,28.048333333333336,69.23333333333333,100.6
Tripura,2023,5,299.1290322580645,164.1,28.788709677419355,72.64516129032258,133.9
Tripura,2023,6,294.6333333333333,161.79,29.59,81.76666666666667,216.8
Tripura,2023,7,314.0,179.11,29.70483870967742,80.96774193548387,188.7
Tripura,2023,8,300.5483870967742,168.06,28.648387096774194,85.51612903225806,349.59999999999997
Tripura,2023,9,316.1,171.37,29.046666666666667,85.63333333333334,368.5
Tripura,2023,10,297.9032258064516,161.91,26.74516129032258,81.80645161290323,77.5
Tripura,2023,11,250.16666666666666,124.97,23.815,77.9,81.00000000000001
Tripura,2023,12,229.32258064516128,121.15,20.40967741935484,82.03225806451613,47.900000000000006
Tripura,2024,1,231.93548387096774,122.49,17.39516129032258,83.12903225806451,0.4
Tripura,2024,2,232.9655172413793,109.36,20.639655172413793,73.27586206896552,18.8
Tripura,2024,3,240.19354838709677,125.43,24.16774193548387,69.38709677419355,75.2
Tripura,2024,4,311.43333333333334,168.53,30.08833333333333,73.33333333333333,72.3
Tripura,2024,5,312.3333333333333,158.78,29.101666666666667,78.3,409.40000000000003
Tripura,2024,6,300.26666666666665,162.63,29.368333333333332,84.4,262.2
Tripura,2024,7,324.51612903225805,183.27,29.193548387096776,83.25806451612904,242.2
Tripura,2024,8,286.5806451612903,162.99,27.770967741935483,86.93548387096774,442.0
Tripura,2024,9,316.93333333333334,180.85,29.013333333333332,84.76666666666667,291.8
Tripura,2024,10,297.1290322580645,169.19,26.980645161290322,85.61290322580645,218.1
Tripura,2024,11,250.06666666666666,131.73,24.558333333333334,73.76666666666667,10.5
Tripura,2024,12,229.48275862068965,115.96,20.900000000000002,70.65517241379311,1.0
Tripura,2025,1,230.29032258064515,125.24,20.414516129032258,72.12903225806451,6.3999999999999995
Tripura,2025,2,234.71428571428572,110.75,22.689285714285717,68.0,8.6
Tripura,2025,3,271.35483870967744,153.04,27.0741935483871,61.58064516129032,11.5
Tripura,2025,4,300.8666666666667,167.17,28.843333333333337,70.43333333333334,124.8
Tripura,2025,5,299.7096774193548,166.67,29.164516129032258,76.90322580645162,265.3
Tripura,2025,6,413.8,176.52,28.62,85.76666666666667,248.9
Tripura,2025,7,314.0967741935484,181.49,28.23225806451613,88.0,313.3
Tripura,2025,8,317.0,180.4,28.135483870967743,87.3225806451613,290.8
Tripura,2025,9,338.0,189.09,28.633333333333333,88.1,243.3
Tripura,2025,10,285.1666666666667,33.06,27.333333333333332,91.33333333333333,89.0
Uttar Pradesh,2023,4,20429.9,11167.82,28.907500000000002,36.041666666666664,15.0
Uttar Pradesh,2023,5,21697.09677419355,13186.73,30.250403225806455,48.24193548387097,37.800000000000004
Uttar Pradesh,2023,6,25153.3,15116.19,33.16125,51.06666666666667,124.925
Uttar Pradesh,2023,7,25149.83870967742,15315.24,30.123387096774195,80.45967741935483,277.5
Uttar Pradesh,2023,8,25000.516129032258,15672.26,29.606048387096774,78.84677419354838,247.725
Uttar Pradesh,2023,9,24135.6,14602.64,29.098333333333336,80.675,165.05
Uttar Pradesh,2023,10,19715.322580645163,12124.21,26.359274193548387,66.50806451612904,43.075
Uttar Pradesh,2023,11,16903.633333333335,9443.78,22.095000000000002,70.29166666666667,5.5
Uttar Pradesh,2023,12,17385.8064516129,9798.51,17.53306451612903,75.28225806451613,10.325
Uttar Pradesh,2024,1,20400.870967741936,11592.16,13.661693548387097,85.40322580645162,9.15
Uttar Pradesh,2024,2,18012.241379310344,9291.11,17.84741379310345,67.48275862068965,36.4
Uttar Pradesh,2024,3,17352.16129032258,10439.01,23.333064516129035,53.75806451612903,19.75
Uttar Pradesh,2024,4,22204.466666666667,13093.38,31.379166666666666,25.283333333333335,0.325
Uttar Pradesh,2024,5,26523.433333333334,16824.56,33.85916666666667,37.03333333333333,18.525
Uttar Pradesh,2024,6,28122.933333333334,18057.33,34.845,48.625,100.85
Uttar Pradesh,2024,7,27121.90322580645,17090.62,30.15,81.48387096774194,352.65
Uttar Pradesh,2024,8,26203.870967741936,16244.64,28.703225806451616,85.14516129032258,314.05
Uttar Pradesh,2024,9,24540.8,14391.42,28.475,83.25,274.825
Uttar Pradesh,2024,10,23086.74193548387,14229.33,27.17822580645161,73.95967741935483,8.175
Uttar Pradesh,2024,11,17845.166666666668,10484.57,22.71291666666667,65.875,0.475
Uttar Pradesh,2024,12,18780.379310344826,9647.01,17.330603448275863,67.62068965517241,15.774999999999999
Uttar Pradesh,2025,1,20278.774193548386,11299.11,15.451209677419355,81.80645161290323,6.25
Uttar Pradesh,2025,2,18937.10714285714,9713.73,20.506249999999998,57.955357142857146,1.75
Uttar Pradesh,2025,3,19253.064516129034,11456.5,25.531048387096774,40.145161290322584,1.3499999999999999
Uttar Pradesh,2025,4,22966.333333333332,13041.5,31.016666666666666,34.358333333333334,4.375
Uttar Pradesh,2025,5,26608.0,15964.04,32.468548387096774,48.46774193548387,33.175
Uttar Pradesh,2025,6,28331.6,16945.63,32.27291666666667,61.88333333333333,127.275
Uttar Pradesh,2025,7,27806.1935483871,16914.02,29.708064516129035,81.40322580645162,226.625
Uttar Pradesh,2025,8,26841.677419354837,16123.73,28.97741935483871,84.61290322580645,298.775
Uttar Pradesh,2025,9,27149.766666666666,15991.4,29.273333333333333,80.13333333333334,117.975
Uttar Pradesh,2025,10,23418.333333333332,2772.79,27.64375,81.375,94.125
Uttarakhand,2023,4,1996.7,1188.07,18.435,51.666666666666664,46.55
Uttarakhand,2023,5,2073.064516129032,1341.77,20.427419354838708,57.58064516129032,102.15
Uttarakhand,2023,6,2291.133333333333,1491.0,23.185000000000002,69.78333333333333,146.05
Uttarakhand,2023,7,2031.1290322580646,1360.95,22.967741935483872,86.06451612903226,222.45
Uttarakhand,2023,8,2065.5806451612902,1400.71,22.7758064516129,87.62903225806451,348.45
Uttarakhand,2023,9,2196.366666666667,1397.19,22.1875,82.55,102.95
Uttarakhand,2023,10,2026.4516129032259,1240.36,18.300806451612903,67.90322580645162,37.45
Uttarakhand,2023,11,1955.3,1114.34,14.631666666666666,69.41666666666667,17.75
Uttarakhand,2023,12,2216.516129032258,1276.67,11.44032258064516,64.91935483870968,1.8
Uttarakhand,2024,1,2390.548387096774,1417.66,9.391935483870967,66.96774193548387,3.45
Uttarakhand,2024,2,2307.7241379310344,1231.51,10.050862068965518,64.94827586206897,98.8
Uttarakhand,2024,3,2026.3225806451612,1219.39,15.02258064516129,60.435483870967744,70.3
Uttarakhand,2024,4,2114.2,1304.6,20.15,40.916666666666664,5.550000000000001
Uttarakhand,2024,5,2495.6666666666665,1632.74,23.649166666666666,47.53333333333333,37.6
Uttarakhand,2024,6,2660.3,1704.25,26.096666666666668,51.5,76.55
Uttarakhand,2024,7,2325.1612903225805,1559.91,23.59758064516129,87.6774193548387,647.1
Uttarakhand,2024,8,2265.7419354838707,1516.28,22.873387096774195,87.6774193548387,395.5
Uttarakhand,2024,9,2238.1,1439.03,21.9725,86.55,305.5
Uttarakhand,2024,10,2182.8709677419356,1369.27,19.258064516129032,78.25806451612904,9.3
Uttarakhand,2024,11,2068.233333333333,1192.93,14.970833333333333,75.78333333333333,4.75
Uttarakhand,2024,12,2354.3793103448274,1264.22,10.76551724137931,58.672413793103445,22.9
Uttarakhand,2025,1,2425.3548387096776,1375.81,11.343548387096773,60.435483870967744,11.950000000000001
Uttarakhand,2025,2,2321.6071428571427,1195.13,11.990178571428572,59.55357142857143,100.45
Uttarakhand,2025,3,2030.3548387096773,1229.83,15.28225806451613,57.17741935483871,63.35
Uttarakhand,2025,4,2200.4333333333334,1318.43,19.83083333333333,51.93333333333333,42.75
Uttarakhand,2025,5,2389.935483870968,1550.75,21.871774193548386,66.7258064516129,108.45
Uttarakhand,2025,6,2528.0,1590.01,23.273333333333333,76.26666666666667,176.25
Uttarakhand,2025,7,2386.2903225806454,1570.3,23.203225806451616,86.20967741935483,215.6
Uttarakhand,2025,8,2239.516129032258,1458.14,22.405645161290323,89.80645161290323,314.45
Uttarakhand,2025,9,2340.6666666666665,1443.9,21.735,87.58333333333333,194.7
Uttarakhand,2025,10,2229.0,263.69,20.208333333333332,83.25,14.450000000000001
West Bengal,2023,4,9741.366666666667,6297.9400000000005,28.171666666666667,62.81666666666667,49.45
West Bengal,2023,5,9623.09677419355,6005.16,28.887096774193548,70.51612903225806,136.95
West Bengal,2023,6,10384.866666666667,6402.1046,29.673333333333336,79.96666666666667,553.15
West Bengal,2023,7,9990.451612903225,6591.38,28.574193548387097,85.79032258064517,496.45
West Bengal,2023,8,9383.870967741936,6263.28,28.490322580645163,86.80645161290323,548.3
West Bengal,2023,9,9362.5,5985.07,28.336666666666666,85.1,450.05
West Bengal,2023,10,8396.258064516129,5473.36,26.374193548387098,76.11290322580645,155.85
West Bengal,2023,11,7256.166666666667,4276.35,23.935833333333335,67.28333333333333,12.45
West Bengal,2023,12,6575.677419354839,4052.85,20.113709677419354,69.35483870967742,13.2
West Bengal,2024,1,6849.8387096774195,4428.7947,17.325806451612905,75.93548387096774,23.6
West Bengal,2024,2,7205.827586206897,4374.3236,20.432758620689658,67.96551724137932,11.0
West Bengal,2024,3,8162.580645161291,5256.27,24.29758064516129,68.3225806451613,56.2
West Bengal,2024,4,11055.933333333332,6975.32,29.449166666666667,61.8,16.75
West Bengal,2024,5,10899.9,6454.16,29.495833333333334,72.48333333333333,196.9
West Bengal,2024,6,11587.1,7066.92,29.384166666666665,83.05,344.95
West Bengal,2024,7,10766.612903225807,6966.91,28.641129032258064,86.08064516129032,697.0
West Bengal,2024,8,9789.354838709678,6356.67,28.08225806451613,87.20967741935483,620.4
West Bengal,2024,9,10366.3,6344.98,28.49416666666667,84.7,460.95
West Bengal,2024,10,9156.290322580646,5900.2163,26.455645161290324,83.85483870967742,180.8
West Bengal,2024,11,7726.833333333333,4598.94,23.78166666666667,68.98333333333333,5.25
West Bengal,2024,12,6938.758620689655,4002.2408,20.061206896551724,68.39655172413794,7.25
West Bengal,2025,1,7536.903225806452,4715.9817,19.40806451612903,69.90322580645162,0.45
West Bengal,2025,2,7817.535714285715,4562.0,22.1375,68.08928571428571,28.900000000000002
West Bengal,2025,3,9231.0,6079.2232,26.431451612903224,59.596774193548384,33.1
West Bengal,2025,4,10512.566666666668,6593.94,28.454166666666666,68.66666666666667,125.15
West Bengal,2025,5,10991.741935483871,6897.0813,28.788709677419355,76.16129032258064,276.95
West Bengal,2025,6,11397.266666666666,7016.0842,29.049166666666668,81.66666666666667,456.85
West Bengal,2025,7,10636.774193548386,6968.58,28.585483870967742,85.87096774193549,566.1
West Bengal,2025,8,10266.161290322581,6705.48,28.05322580645161,87.5,561.8
West Bengal,2025,9,10745.833333333334,6801.6,28.560833333333335,84.56666666666666,313.8
West Bengal,2025,10,8854.0,1099.42,26.8875,87.66666666666667,148.95
